[
  {
    "frequency": "ONE_MIN",
    "metricId": 43874,
    "metricName": "BTM|Application Summary|Component:192|Average Response Time (ms)",
    "metricPath": "Overall Application Performance|Web-Tier-Services|Individual Nodes|ECommerce-Apache|Average Response Time (ms)",
    "metricValues":     [
      {
        "count": 8,
        "current": 3,
        "max": 10,
        "min": 3,
        "occurrences": 0,
        "standardDeviation": 0,
        "startTimeInMillis": 1465330620000,
        "sum": 37,
        "useRange": true,
        "value": 5
      },
      {
        "count": 9,
        "current": 10,
        "max": 14,
        "min": 3,
        "occurrences": 0,
        "standardDeviation": 0,
        "startTimeInMillis": 1465330680000,
        "sum": 62,
        "useRange": true,
        "value": 7
      },
      {
        "count": 13,
        "current": 4,
        "max": 6,
        "min": 3,
        "occurrences": 0,
        "standardDeviation": 0,
        "startTimeInMillis": 1465330740000,
        "sum": 51,
        "useRange": true,
        "value": 4
      },
      {
        "count": 13,
        "current": 4,
        "max": 5,
        "min": 3,
        "occurrences": 0,
        "standardDeviation": 0,
        "startTimeInMillis": 1465330800000,
        "sum": 53,
        "useRange": true,
        "value": 4
      },
      {
        "count": 12,
        "current": 4,
        "max": 4,
        "min": 3,
        "occurrences": 0,
        "standardDeviation": 0,
        "startTimeInMillis": 1465330860000,
        "sum": 44,
        "useRange": true,
        "value": 4
      },
      {
        "count": 15,
        "current": 4,
        "max": 20,
        "min": 3,
        "occurrences": 0,
        "standardDeviation": 0,
        "startTimeInMillis": 1465330920000,
        "sum": 79,
        "useRange": true,
        "value": 5
      },
      {
        "count": 16,
        "current": 4,
        "max": 8,
        "min": 3,
        "occurrences": 0,
        "standardDeviation": 0,
        "startTimeInMillis": 1465330980000,
        "sum": 67,
        "useRange": true,
        "value": 4
      },
      {
        "count": 13,
        "current": 4,
        "max": 5,
        "min": 3,
        "occurrences": 0,
        "standardDeviation": 0,
        "startTimeInMillis": 1465331040000,
        "sum": 53,
        "useRange": true,
        "value": 4
      },
      {
        "count": 14,
        "current": 3,
        "max": 89,
        "min": 3,
        "occurrences": 0,
        "standardDeviation": 0,
        "startTimeInMillis": 1465331100000,
        "sum": 138,
        "useRange": true,
        "value": 10
      },
      {
        "count": 15,
        "current": 5,
        "max": 5,
        "min": 3,
        "occurrences": 0,
        "standardDeviation": 0,
        "startTimeInMillis": 1465331160000,
        "sum": 57,
        "useRange": true,
        "value": 4
      },
      {
        "count": 16,
        "current": 3,
        "max": 5,
        "min": 3,
        "occurrences": 0,
        "standardDeviation": 0,
        "startTimeInMillis": 1465331220000,
        "sum": 60,
        "useRange": true,
        "value": 4
      },
      {
        "count": 14,
        "current": 3,
        "max": 8,
        "min": 3,
        "occurrences": 0,
        "standardDeviation": 0,
        "startTimeInMillis": 1465331280000,
        "sum": 61,
        "useRange": true,
        "value": 4
      },
      {
        "count": 13,
        "current": 4,
        "max": 5,
        "min": 4,
        "occurrences": 0,
        "standardDeviation": 0,
        "startTimeInMillis": 1465331340000,
        "sum": 55,
        "useRange": true,
        "value": 4
      },
      {
        "count": 15,
        "current": 3,
        "max": 6,
        "min": 3,
        "occurrences": 0,
        "standardDeviation": 0,
        "startTimeInMillis": 1465331400000,
        "sum": 59,
        "useRange": true,
        "value": 4
      },
      {
        "count": 15,
        "current": 5,
        "max": 5,
        "min": 3,
        "occurrences": 0,
        "standardDeviation": 0,
        "startTimeInMillis": 1465331460000,
        "sum": 58,
        "useRange": true,
        "value": 4
      }
    ]
  },
  {
    "frequency": "ONE_MIN",
    "metricId": 44287,
    "metricName": "BTM|Application Summary|Component:191|Average Response Time (ms)",
    "metricPath": "Overall Application Performance|Order-Processing-Services|Individual Nodes|ECommerce_JMS_NODE|Average Response Time (ms)",
    "metricValues":     [
      {
        "count": 14,
        "current": 3355,
        "max": 6955,
        "min": 3355,
        "occurrences": 0,
        "standardDeviation": 0,
        "startTimeInMillis": 1465330620000,
        "sum": 58096,
        "useRange": true,
        "value": 4150
      },
      {
        "count": 14,
        "current": 6229,
        "max": 6583,
        "min": 3349,
        "occurrences": 0,
        "standardDeviation": 0,
        "startTimeInMillis": 1465330680000,
        "sum": 58918,
        "useRange": true,
        "value": 4208
      },
      {
        "count": 14,
        "current": 3362,
        "max": 7111,
        "min": 3362,
        "occurrences": 0,
        "standardDeviation": 0,
        "startTimeInMillis": 1465330740000,
        "sum": 61593,
        "useRange": true,
        "value": 4400
      },
      {
        "count": 15,
        "current": 4011,
        "max": 6637,
        "min": 3351,
        "occurrences": 0,
        "standardDeviation": 0,
        "startTimeInMillis": 1465330800000,
        "sum": 60118,
        "useRange": true,
        "value": 4008
      },
      {
        "count": 14,
        "current": 4715,
        "max": 5256,
        "min": 3475,
        "occurrences": 0,
        "standardDeviation": 0,
        "startTimeInMillis": 1465330860000,
        "sum": 59406,
        "useRange": true,
        "value": 4243
      },
      {
        "count": 14,
        "current": 3968,
        "max": 7759,
        "min": 3343,
        "occurrences": 0,
        "standardDeviation": 0,
        "startTimeInMillis": 1465330920000,
        "sum": 60253,
        "useRange": true,
        "value": 4304
      },
      {
        "count": 14,
        "current": 4074,
        "max": 7212,
        "min": 3441,
        "occurrences": 0,
        "standardDeviation": 0,
        "startTimeInMillis": 1465330980000,
        "sum": 61655,
        "useRange": true,
        "value": 4404
      },
      {
        "count": 13,
        "current": 3407,
        "max": 10112,
        "min": 3287,
        "occurrences": 0,
        "standardDeviation": 0,
        "startTimeInMillis": 1465331040000,
        "sum": 59332,
        "useRange": true,
        "value": 4564
      },
      {
        "count": 14,
        "current": 3512,
        "max": 8750,
        "min": 3396,
        "occurrences": 0,
        "standardDeviation": 0,
        "startTimeInMillis": 1465331100000,
        "sum": 61109,
        "useRange": true,
        "value": 4365
      },
      {
        "count": 268,
        "current": 0,
        "max": 5420,
        "min": 0,
        "occurrences": 0,
        "standardDeviation": 0,
        "startTimeInMillis": 1465331160000,
        "sum": 56099,
        "useRange": true,
        "value": 209
      },
      {
        "count": 14,
        "current": 5445,
        "max": 9189,
        "min": 3400,
        "occurrences": 0,
        "standardDeviation": 0,
        "startTimeInMillis": 1465331220000,
        "sum": 62679,
        "useRange": true,
        "value": 4477
      },
      {
        "count": 15,
        "current": 4036,
        "max": 5921,
        "min": 3351,
        "occurrences": 0,
        "standardDeviation": 0,
        "startTimeInMillis": 1465331280000,
        "sum": 60650,
        "useRange": true,
        "value": 4043
      },
      {
        "count": 14,
        "current": 4043,
        "max": 7341,
        "min": 3399,
        "occurrences": 0,
        "standardDeviation": 0,
        "startTimeInMillis": 1465331340000,
        "sum": 60887,
        "useRange": true,
        "value": 4349
      },
      {
        "count": 14,
        "current": 4241,
        "max": 7079,
        "min": 3312,
        "occurrences": 0,
        "standardDeviation": 0,
        "startTimeInMillis": 1465331400000,
        "sum": 57564,
        "useRange": true,
        "value": 4112
      },
      {
        "count": 15,
        "current": 3825,
        "max": 6280,
        "min": 3371,
        "occurrences": 0,
        "standardDeviation": 0,
        "startTimeInMillis": 1465331460000,
        "sum": 60255,
        "useRange": true,
        "value": 4017
      }
    ]
  },
  {
    "frequency": "ONE_MIN",
    "metricId": 43802,
    "metricName": "BTM|Application Summary|Component:184|Average Response Time (ms)",
    "metricPath": "Overall Application Performance|ECommerce-Services|Individual Nodes|ECommerce_WEB1_NODE|Average Response Time (ms)",
    "metricValues":     [
      {
        "count": 31,
        "current": 2,
        "max": 33049,
        "min": 0,
        "occurrences": 0,
        "standardDeviation": 0,
        "startTimeInMillis": 1465330620000,
        "sum": 41399,
        "useRange": true,
        "value": 1335
      },
      {
        "count": 29,
        "current": 2,
        "max": 48849,
        "min": 0,
        "occurrences": 0,
        "standardDeviation": 0,
        "startTimeInMillis": 1465330680000,
        "sum": 82044,
        "useRange": true,
        "value": 2829
      },
      {
        "count": 38,
        "current": 2,
        "max": 32816,
        "min": 0,
        "occurrences": 0,
        "standardDeviation": 0,
        "startTimeInMillis": 1465330740000,
        "sum": 56073,
        "useRange": true,
        "value": 1476
      },
      {
        "count": 22,
        "current": 3,
        "max": 47,
        "min": 0,
        "occurrences": 0,
        "standardDeviation": 0,
        "startTimeInMillis": 1465330800000,
        "sum": 102,
        "useRange": true,
        "value": 5
      },
      {
        "count": 54,
        "current": 74,
        "max": 4750,
        "min": 1,
        "occurrences": 0,
        "standardDeviation": 0,
        "startTimeInMillis": 1465330860000,
        "sum": 10590,
        "useRange": true,
        "value": 196
      },
      {
        "count": 25,
        "current": 2,
        "max": 5140,
        "min": 0,
        "occurrences": 0,
        "standardDeviation": 0,
        "startTimeInMillis": 1465330920000,
        "sum": 6401,
        "useRange": true,
        "value": 256
      },
      {
        "count": 34,
        "current": 3,
        "max": 8261,
        "min": 0,
        "occurrences": 0,
        "standardDeviation": 0,
        "startTimeInMillis": 1465330980000,
        "sum": 8732,
        "useRange": true,
        "value": 257
      },
      {
        "count": 33,
        "current": 3,
        "max": 8136,
        "min": 0,
        "occurrences": 0,
        "standardDeviation": 0,
        "startTimeInMillis": 1465331040000,
        "sum": 14101,
        "useRange": true,
        "value": 427
      },
      {
        "count": 39,
        "current": 3,
        "max": 507,
        "min": 1,
        "occurrences": 0,
        "standardDeviation": 0,
        "startTimeInMillis": 1465331100000,
        "sum": 1003,
        "useRange": true,
        "value": 26
      },
      {
        "count": 56,
        "current": 2,
        "max": 456,
        "min": 0,
        "occurrences": 0,
        "standardDeviation": 0,
        "startTimeInMillis": 1465331160000,
        "sum": 1384,
        "useRange": true,
        "value": 25
      },
      {
        "count": 51,
        "current": 0,
        "max": 7924,
        "min": 0,
        "occurrences": 0,
        "standardDeviation": 0,
        "startTimeInMillis": 1465331220000,
        "sum": 16964,
        "useRange": true,
        "value": 333
      },
      {
        "count": 47,
        "current": 1,
        "max": 4841,
        "min": 0,
        "occurrences": 0,
        "standardDeviation": 0,
        "startTimeInMillis": 1465331280000,
        "sum": 6208,
        "useRange": true,
        "value": 132
      },
      {
        "count": 41,
        "current": 1,
        "max": 6441,
        "min": 1,
        "occurrences": 0,
        "standardDeviation": 0,
        "startTimeInMillis": 1465331340000,
        "sum": 13072,
        "useRange": true,
        "value": 319
      },
      {
        "count": 38,
        "current": 2,
        "max": 283,
        "min": 0,
        "occurrences": 0,
        "standardDeviation": 0,
        "startTimeInMillis": 1465331400000,
        "sum": 599,
        "useRange": true,
        "value": 16
      },
      {
        "count": 57,
        "current": 1,
        "max": 5294,
        "min": 0,
        "occurrences": 0,
        "standardDeviation": 0,
        "startTimeInMillis": 1465331460000,
        "sum": 6727,
        "useRange": true,
        "value": 118
      }
    ]
  },
  {
    "frequency": "ONE_MIN",
    "metricId": 44369,
    "metricName": "BTM|Application Summary|Component:185|Average Response Time (ms)",
    "metricPath": "Overall Application Performance|Inventory-Services|Individual Nodes|ECommerce_WS_NODE|Average Response Time (ms)",
    "metricValues":     [
      {
        "count": 84,
        "current": 8086,
        "max": 8214,
        "min": 0,
        "occurrences": 0,
        "standardDeviation": 0,
        "startTimeInMillis": 1465330620000,
        "sum": 122522,
        "useRange": true,
        "value": 1459
      },
      {
        "count": 76,
        "current": 8080,
        "max": 8425,
        "min": 0,
        "occurrences": 0,
        "standardDeviation": 0,
        "startTimeInMillis": 1465330680000,
        "sum": 179837,
        "useRange": true,
        "value": 2366
      },
      {
        "count": 113,
        "current": 20,
        "max": 8184,
        "min": 0,
        "occurrences": 0,
        "standardDeviation": 0,
        "startTimeInMillis": 1465330740000,
        "sum": 49954,
        "useRange": true,
        "value": 442
      },
      {
        "count": 225,
        "current": 13,
        "max": 38,
        "min": 0,
        "occurrences": 0,
        "standardDeviation": 0,
        "startTimeInMillis": 1465330800000,
        "sum": 2341,
        "useRange": true,
        "value": 10
      },
      {
        "count": 123,
        "current": 13,
        "max": 29,
        "min": 0,
        "occurrences": 0,
        "standardDeviation": 0,
        "startTimeInMillis": 1465330860000,
        "sum": 1268,
        "useRange": true,
        "value": 10
      },
      {
        "count": 174,
        "current": 12,
        "max": 38,
        "min": 0,
        "occurrences": 0,
        "standardDeviation": 0,
        "startTimeInMillis": 1465330920000,
        "sum": 1795,
        "useRange": true,
        "value": 10
      },
      {
        "count": 201,
        "current": 18,
        "max": 35,
        "min": 0,
        "occurrences": 0,
        "standardDeviation": 0,
        "startTimeInMillis": 1465330980000,
        "sum": 2088,
        "useRange": true,
        "value": 10
      },
      {
        "count": 93,
        "current": 14,
        "max": 33,
        "min": 0,
        "occurrences": 0,
        "standardDeviation": 0,
        "startTimeInMillis": 1465331040000,
        "sum": 960,
        "useRange": true,
        "value": 10
      },
      {
        "count": 117,
        "current": 17,
        "max": 40,
        "min": 0,
        "occurrences": 0,
        "standardDeviation": 0,
        "startTimeInMillis": 1465331100000,
        "sum": 1302,
        "useRange": true,
        "value": 11
      },
      {
        "count": 96,
        "current": 13,
        "max": 33,
        "min": 0,
        "occurrences": 0,
        "standardDeviation": 0,
        "startTimeInMillis": 1465331160000,
        "sum": 1029,
        "useRange": true,
        "value": 11
      },
      {
        "count": 99,
        "current": 18,
        "max": 32,
        "min": 0,
        "occurrences": 0,
        "standardDeviation": 0,
        "startTimeInMillis": 1465331220000,
        "sum": 968,
        "useRange": true,
        "value": 10
      },
      {
        "count": 138,
        "current": 13,
        "max": 36,
        "min": 0,
        "occurrences": 0,
        "standardDeviation": 0,
        "startTimeInMillis": 1465331280000,
        "sum": 1497,
        "useRange": true,
        "value": 11
      },
      {
        "count": 159,
        "current": 13,
        "max": 39,
        "min": 0,
        "occurrences": 0,
        "standardDeviation": 0,
        "startTimeInMillis": 1465331340000,
        "sum": 1726,
        "useRange": true,
        "value": 11
      },
      {
        "count": 57,
        "current": 17,
        "max": 29,
        "min": 0,
        "occurrences": 0,
        "standardDeviation": 0,
        "startTimeInMillis": 1465331400000,
        "sum": 653,
        "useRange": true,
        "value": 11
      },
      {
        "count": 102,
        "current": 12,
        "max": 20,
        "min": 0,
        "occurrences": 0,
        "standardDeviation": 0,
        "startTimeInMillis": 1465331460000,
        "sum": 997,
        "useRange": true,
        "value": 10
      }
    ]
  },
  {
    "frequency": "ONE_MIN",
    "metricId": 43802,
    "metricName": "BTM|Application Summary|Component:184|Average Response Time (ms)",
    "metricPath": "Overall Application Performance|ECommerce-Services|Individual Nodes|ECommerce_WEB2_NODE|Average Response Time (ms)",
    "metricValues":     [
      {
        "count": 48,
        "current": 7,
        "max": 16384,
        "min": 0,
        "occurrences": 0,
        "standardDeviation": 0,
        "startTimeInMillis": 1465330620000,
        "sum": 46392,
        "useRange": true,
        "value": 967
      },
      {
        "count": 41,
        "current": 0,
        "max": 16467,
        "min": 0,
        "occurrences": 0,
        "standardDeviation": 0,
        "startTimeInMillis": 1465330680000,
        "sum": 110364,
        "useRange": true,
        "value": 2692
      },
      {
        "count": 30,
        "current": 2,
        "max": 57538,
        "min": 0,
        "occurrences": 0,
        "standardDeviation": 0,
        "startTimeInMillis": 1465330740000,
        "sum": 120132,
        "useRange": true,
        "value": 4004
      },
      {
        "count": 66,
        "current": 2,
        "max": 9510,
        "min": 0,
        "occurrences": 0,
        "standardDeviation": 0,
        "startTimeInMillis": 1465330800000,
        "sum": 23365,
        "useRange": true,
        "value": 354
      },
      {
        "count": 62,
        "current": 1,
        "max": 5387,
        "min": 0,
        "occurrences": 0,
        "standardDeviation": 0,
        "startTimeInMillis": 1465330860000,
        "sum": 22295,
        "useRange": true,
        "value": 360
      },
      {
        "count": 54,
        "current": 13,
        "max": 6333,
        "min": 0,
        "occurrences": 0,
        "standardDeviation": 0,
        "startTimeInMillis": 1465330920000,
        "sum": 28183,
        "useRange": true,
        "value": 522
      },
      {
        "count": 62,
        "current": 1,
        "max": 4696,
        "min": 0,
        "occurrences": 0,
        "standardDeviation": 0,
        "startTimeInMillis": 1465330980000,
        "sum": 15339,
        "useRange": true,
        "value": 247
      },
      {
        "count": 62,
        "current": 2,
        "max": 8856,
        "min": 0,
        "occurrences": 0,
        "standardDeviation": 0,
        "startTimeInMillis": 1465331040000,
        "sum": 33906,
        "useRange": true,
        "value": 547
      },
      {
        "count": 56,
        "current": 5666,
        "max": 8404,
        "min": 0,
        "occurrences": 0,
        "standardDeviation": 0,
        "startTimeInMillis": 1465331100000,
        "sum": 35160,
        "useRange": true,
        "value": 628
      },
      {
        "count": 54,
        "current": 1002,
        "max": 8225,
        "min": 0,
        "occurrences": 0,
        "standardDeviation": 0,
        "startTimeInMillis": 1465331160000,
        "sum": 33971,
        "useRange": true,
        "value": 629
      },
      {
        "count": 51,
        "current": 1,
        "max": 5630,
        "min": 0,
        "occurrences": 0,
        "standardDeviation": 0,
        "startTimeInMillis": 1465331220000,
        "sum": 17065,
        "useRange": true,
        "value": 335
      },
      {
        "count": 47,
        "current": 1,
        "max": 5339,
        "min": 0,
        "occurrences": 0,
        "standardDeviation": 0,
        "startTimeInMillis": 1465331280000,
        "sum": 17842,
        "useRange": true,
        "value": 380
      },
      {
        "count": 58,
        "current": 1002,
        "max": 4864,
        "min": 0,
        "occurrences": 0,
        "standardDeviation": 0,
        "startTimeInMillis": 1465331340000,
        "sum": 17908,
        "useRange": true,
        "value": 309
      },
      {
        "count": 58,
        "current": 2,
        "max": 5170,
        "min": 0,
        "occurrences": 0,
        "standardDeviation": 0,
        "startTimeInMillis": 1465331400000,
        "sum": 14463,
        "useRange": true,
        "value": 249
      },
      {
        "count": 60,
        "current": 1003,
        "max": 6050,
        "min": 0,
        "occurrences": 0,
        "standardDeviation": 0,
        "startTimeInMillis": 1465331460000,
        "sum": 18638,
        "useRange": true,
        "value": 311
      }
    ]
  },{
    "frequency": "ONE_MIN",
    "metricId": 43874,
    "metricName": "BTM|Application Summary|Component:192|Average Response Time (ms)",
    "metricPath": "Overall Application Performance|Web-Tier-Services|Individual Nodes|ECommerce-Apache1|Average Response Time (ms)",
    "metricValues":     [
      {
        "count": 8,
        "current": 3,
        "max": 10,
        "min": 3,
        "occurrences": 0,
        "standardDeviation": 0,
        "startTimeInMillis": 1465330620000,
        "sum": 37,
        "useRange": true,
        "value": 5
      },
      {
        "count": 9,
        "current": 10,
        "max": 14,
        "min": 3,
        "occurrences": 0,
        "standardDeviation": 0,
        "startTimeInMillis": 1465330680000,
        "sum": 62,
        "useRange": true,
        "value": 7
      },
      {
        "count": 13,
        "current": 4,
        "max": 6,
        "min": 3,
        "occurrences": 0,
        "standardDeviation": 0,
        "startTimeInMillis": 1465330740000,
        "sum": 51,
        "useRange": true,
        "value": 4
      },
      {
        "count": 13,
        "current": 4,
        "max": 5,
        "min": 3,
        "occurrences": 0,
        "standardDeviation": 0,
        "startTimeInMillis": 1465330800000,
        "sum": 53,
        "useRange": true,
        "value": 4
      },
      {
        "count": 12,
        "current": 4,
        "max": 4,
        "min": 3,
        "occurrences": 0,
        "standardDeviation": 0,
        "startTimeInMillis": 1465330860000,
        "sum": 44,
        "useRange": true,
        "value": 4
      },
      {
        "count": 15,
        "current": 4,
        "max": 20,
        "min": 3,
        "occurrences": 0,
        "standardDeviation": 0,
        "startTimeInMillis": 1465330920000,
        "sum": 79,
        "useRange": true,
        "value": 5
      },
      {
        "count": 16,
        "current": 4,
        "max": 8,
        "min": 3,
        "occurrences": 0,
        "standardDeviation": 0,
        "startTimeInMillis": 1465330980000,
        "sum": 67,
        "useRange": true,
        "value": 4
      },
      {
        "count": 13,
        "current": 4,
        "max": 5,
        "min": 3,
        "occurrences": 0,
        "standardDeviation": 0,
        "startTimeInMillis": 1465331040000,
        "sum": 53,
        "useRange": true,
        "value": 4
      },
      {
        "count": 14,
        "current": 3,
        "max": 89,
        "min": 3,
        "occurrences": 0,
        "standardDeviation": 0,
        "startTimeInMillis": 1465331100000,
        "sum": 138,
        "useRange": true,
        "value": 10
      },
      {
        "count": 15,
        "current": 5,
        "max": 5,
        "min": 3,
        "occurrences": 0,
        "standardDeviation": 0,
        "startTimeInMillis": 1465331160000,
        "sum": 57,
        "useRange": true,
        "value": 4
      },
      {
        "count": 16,
        "current": 3,
        "max": 5,
        "min": 3,
        "occurrences": 0,
        "standardDeviation": 0,
        "startTimeInMillis": 1465331220000,
        "sum": 60,
        "useRange": true,
        "value": 4
      },
      {
        "count": 14,
        "current": 3,
        "max": 8,
        "min": 3,
        "occurrences": 0,
        "standardDeviation": 0,
        "startTimeInMillis": 1465331280000,
        "sum": 61,
        "useRange": true,
        "value": 4
      },
      {
        "count": 13,
        "current": 4,
        "max": 5,
        "min": 4,
        "occurrences": 0,
        "standardDeviation": 0,
        "startTimeInMillis": 1465331340000,
        "sum": 55,
        "useRange": true,
        "value": 4
      },
      {
        "count": 15,
        "current": 3,
        "max": 6,
        "min": 3,
        "occurrences": 0,
        "standardDeviation": 0,
        "startTimeInMillis": 1465331400000,
        "sum": 59,
        "useRange": true,
        "value": 4
      },
      {
        "count": 15,
        "current": 5,
        "max": 5,
        "min": 3,
        "occurrences": 0,
        "standardDeviation": 0,
        "startTimeInMillis": 1465331460000,
        "sum": 58,
        "useRange": true,
        "value": 4
      }
    ]
  },
  {
    "frequency": "ONE_MIN",
    "metricId": 44287,
    "metricName": "BTM|Application Summary|Component:191|Average Response Time (ms)",
    "metricPath": "Overall Application Performance|Order-Processing-Services|Individual Nodes|ECommerce_JMS_NODE1|Average Response Time (ms)",
    "metricValues":     [
      {
        "count": 14,
        "current": 3355,
        "max": 6955,
        "min": 3355,
        "occurrences": 0,
        "standardDeviation": 0,
        "startTimeInMillis": 1465330620000,
        "sum": 58096,
        "useRange": true,
        "value": 4150
      },
      {
        "count": 14,
        "current": 6229,
        "max": 6583,
        "min": 3349,
        "occurrences": 0,
        "standardDeviation": 0,
        "startTimeInMillis": 1465330680000,
        "sum": 58918,
        "useRange": true,
        "value": 4208
      },
      {
        "count": 14,
        "current": 3362,
        "max": 7111,
        "min": 3362,
        "occurrences": 0,
        "standardDeviation": 0,
        "startTimeInMillis": 1465330740000,
        "sum": 61593,
        "useRange": true,
        "value": 4400
      },
      {
        "count": 15,
        "current": 4011,
        "max": 6637,
        "min": 3351,
        "occurrences": 0,
        "standardDeviation": 0,
        "startTimeInMillis": 1465330800000,
        "sum": 60118,
        "useRange": true,
        "value": 4008
      },
      {
        "count": 14,
        "current": 4715,
        "max": 5256,
        "min": 3475,
        "occurrences": 0,
        "standardDeviation": 0,
        "startTimeInMillis": 1465330860000,
        "sum": 59406,
        "useRange": true,
        "value": 4243
      },
      {
        "count": 14,
        "current": 3968,
        "max": 7759,
        "min": 3343,
        "occurrences": 0,
        "standardDeviation": 0,
        "startTimeInMillis": 1465330920000,
        "sum": 60253,
        "useRange": true,
        "value": 4304
      },
      {
        "count": 14,
        "current": 4074,
        "max": 7212,
        "min": 3441,
        "occurrences": 0,
        "standardDeviation": 0,
        "startTimeInMillis": 1465330980000,
        "sum": 61655,
        "useRange": true,
        "value": 4404
      },
      {
        "count": 13,
        "current": 3407,
        "max": 10112,
        "min": 3287,
        "occurrences": 0,
        "standardDeviation": 0,
        "startTimeInMillis": 1465331040000,
        "sum": 59332,
        "useRange": true,
        "value": 4564
      },
      {
        "count": 14,
        "current": 3512,
        "max": 8750,
        "min": 3396,
        "occurrences": 0,
        "standardDeviation": 0,
        "startTimeInMillis": 1465331100000,
        "sum": 61109,
        "useRange": true,
        "value": 4365
      },
      {
        "count": 268,
        "current": 0,
        "max": 5420,
        "min": 0,
        "occurrences": 0,
        "standardDeviation": 0,
        "startTimeInMillis": 1465331160000,
        "sum": 56099,
        "useRange": true,
        "value": 209
      },
      {
        "count": 14,
        "current": 5445,
        "max": 9189,
        "min": 3400,
        "occurrences": 0,
        "standardDeviation": 0,
        "startTimeInMillis": 1465331220000,
        "sum": 62679,
        "useRange": true,
        "value": 4477
      },
      {
        "count": 15,
        "current": 4036,
        "max": 5921,
        "min": 3351,
        "occurrences": 0,
        "standardDeviation": 0,
        "startTimeInMillis": 1465331280000,
        "sum": 60650,
        "useRange": true,
        "value": 4043
      },
      {
        "count": 14,
        "current": 4043,
        "max": 7341,
        "min": 3399,
        "occurrences": 0,
        "standardDeviation": 0,
        "startTimeInMillis": 1465331340000,
        "sum": 60887,
        "useRange": true,
        "value": 4349
      },
      {
        "count": 14,
        "current": 4241,
        "max": 7079,
        "min": 3312,
        "occurrences": 0,
        "standardDeviation": 0,
        "startTimeInMillis": 1465331400000,
        "sum": 57564,
        "useRange": true,
        "value": 4112
      },
      {
        "count": 15,
        "current": 3825,
        "max": 6280,
        "min": 3371,
        "occurrences": 0,
        "standardDeviation": 0,
        "startTimeInMillis": 1465331460000,
        "sum": 60255,
        "useRange": true,
        "value": 4017
      }
    ]
  },
  {
    "frequency": "ONE_MIN",
    "metricId": 43802,
    "metricName": "BTM|Application Summary|Component:184|Average Response Time (ms)",
    "metricPath": "Overall Application Performance|ECommerce-Services|Individual Nodes|ECommerce_WEB1_NODE1|Average Response Time (ms)",
    "metricValues":     [
      {
        "count": 31,
        "current": 2,
        "max": 33049,
        "min": 0,
        "occurrences": 0,
        "standardDeviation": 0,
        "startTimeInMillis": 1465330620000,
        "sum": 41399,
        "useRange": true,
        "value": 1335
      },
      {
        "count": 29,
        "current": 2,
        "max": 48849,
        "min": 0,
        "occurrences": 0,
        "standardDeviation": 0,
        "startTimeInMillis": 1465330680000,
        "sum": 82044,
        "useRange": true,
        "value": 2829
      },
      {
        "count": 38,
        "current": 2,
        "max": 32816,
        "min": 0,
        "occurrences": 0,
        "standardDeviation": 0,
        "startTimeInMillis": 1465330740000,
        "sum": 56073,
        "useRange": true,
        "value": 1476
      },
      {
        "count": 22,
        "current": 3,
        "max": 47,
        "min": 0,
        "occurrences": 0,
        "standardDeviation": 0,
        "startTimeInMillis": 1465330800000,
        "sum": 102,
        "useRange": true,
        "value": 5
      },
      {
        "count": 54,
        "current": 74,
        "max": 4750,
        "min": 1,
        "occurrences": 0,
        "standardDeviation": 0,
        "startTimeInMillis": 1465330860000,
        "sum": 10590,
        "useRange": true,
        "value": 196
      },
      {
        "count": 25,
        "current": 2,
        "max": 5140,
        "min": 0,
        "occurrences": 0,
        "standardDeviation": 0,
        "startTimeInMillis": 1465330920000,
        "sum": 6401,
        "useRange": true,
        "value": 256
      },
      {
        "count": 34,
        "current": 3,
        "max": 8261,
        "min": 0,
        "occurrences": 0,
        "standardDeviation": 0,
        "startTimeInMillis": 1465330980000,
        "sum": 8732,
        "useRange": true,
        "value": 257
      },
      {
        "count": 33,
        "current": 3,
        "max": 8136,
        "min": 0,
        "occurrences": 0,
        "standardDeviation": 0,
        "startTimeInMillis": 1465331040000,
        "sum": 14101,
        "useRange": true,
        "value": 427
      },
      {
        "count": 39,
        "current": 3,
        "max": 507,
        "min": 1,
        "occurrences": 0,
        "standardDeviation": 0,
        "startTimeInMillis": 1465331100000,
        "sum": 1003,
        "useRange": true,
        "value": 26
      },
      {
        "count": 56,
        "current": 2,
        "max": 456,
        "min": 0,
        "occurrences": 0,
        "standardDeviation": 0,
        "startTimeInMillis": 1465331160000,
        "sum": 1384,
        "useRange": true,
        "value": 25
      },
      {
        "count": 51,
        "current": 0,
        "max": 7924,
        "min": 0,
        "occurrences": 0,
        "standardDeviation": 0,
        "startTimeInMillis": 1465331220000,
        "sum": 16964,
        "useRange": true,
        "value": 333
      },
      {
        "count": 47,
        "current": 1,
        "max": 4841,
        "min": 0,
        "occurrences": 0,
        "standardDeviation": 0,
        "startTimeInMillis": 1465331280000,
        "sum": 6208,
        "useRange": true,
        "value": 132
      },
      {
        "count": 41,
        "current": 1,
        "max": 6441,
        "min": 1,
        "occurrences": 0,
        "standardDeviation": 0,
        "startTimeInMillis": 1465331340000,
        "sum": 13072,
        "useRange": true,
        "value": 319
      },
      {
        "count": 38,
        "current": 2,
        "max": 283,
        "min": 0,
        "occurrences": 0,
        "standardDeviation": 0,
        "startTimeInMillis": 1465331400000,
        "sum": 599,
        "useRange": true,
        "value": 16
      },
      {
        "count": 57,
        "current": 1,
        "max": 5294,
        "min": 0,
        "occurrences": 0,
        "standardDeviation": 0,
        "startTimeInMillis": 1465331460000,
        "sum": 6727,
        "useRange": true,
        "value": 118
      }
    ]
  },
  {
    "frequency": "ONE_MIN",
    "metricId": 44369,
    "metricName": "BTM|Application Summary|Component:185|Average Response Time (ms)",
    "metricPath": "Overall Application Performance|Inventory-Services|Individual Nodes|ECommerce_WS_NODE1|Average Response Time (ms)",
    "metricValues":     [
      {
        "count": 84,
        "current": 8086,
        "max": 8214,
        "min": 0,
        "occurrences": 0,
        "standardDeviation": 0,
        "startTimeInMillis": 1465330620000,
        "sum": 122522,
        "useRange": true,
        "value": 1459
      },
      {
        "count": 76,
        "current": 8080,
        "max": 8425,
        "min": 0,
        "occurrences": 0,
        "standardDeviation": 0,
        "startTimeInMillis": 1465330680000,
        "sum": 179837,
        "useRange": true,
        "value": 2366
      },
      {
        "count": 113,
        "current": 20,
        "max": 8184,
        "min": 0,
        "occurrences": 0,
        "standardDeviation": 0,
        "startTimeInMillis": 1465330740000,
        "sum": 49954,
        "useRange": true,
        "value": 442
      },
      {
        "count": 225,
        "current": 13,
        "max": 38,
        "min": 0,
        "occurrences": 0,
        "standardDeviation": 0,
        "startTimeInMillis": 1465330800000,
        "sum": 2341,
        "useRange": true,
        "value": 10
      },
      {
        "count": 123,
        "current": 13,
        "max": 29,
        "min": 0,
        "occurrences": 0,
        "standardDeviation": 0,
        "startTimeInMillis": 1465330860000,
        "sum": 1268,
        "useRange": true,
        "value": 10
      },
      {
        "count": 174,
        "current": 12,
        "max": 38,
        "min": 0,
        "occurrences": 0,
        "standardDeviation": 0,
        "startTimeInMillis": 1465330920000,
        "sum": 1795,
        "useRange": true,
        "value": 10
      },
      {
        "count": 201,
        "current": 18,
        "max": 35,
        "min": 0,
        "occurrences": 0,
        "standardDeviation": 0,
        "startTimeInMillis": 1465330980000,
        "sum": 2088,
        "useRange": true,
        "value": 10
      },
      {
        "count": 93,
        "current": 14,
        "max": 33,
        "min": 0,
        "occurrences": 0,
        "standardDeviation": 0,
        "startTimeInMillis": 1465331040000,
        "sum": 960,
        "useRange": true,
        "value": 10
      },
      {
        "count": 117,
        "current": 17,
        "max": 40,
        "min": 0,
        "occurrences": 0,
        "standardDeviation": 0,
        "startTimeInMillis": 1465331100000,
        "sum": 1302,
        "useRange": true,
        "value": 11
      },
      {
        "count": 96,
        "current": 13,
        "max": 33,
        "min": 0,
        "occurrences": 0,
        "standardDeviation": 0,
        "startTimeInMillis": 1465331160000,
        "sum": 1029,
        "useRange": true,
        "value": 11
      },
      {
        "count": 99,
        "current": 18,
        "max": 32,
        "min": 0,
        "occurrences": 0,
        "standardDeviation": 0,
        "startTimeInMillis": 1465331220000,
        "sum": 968,
        "useRange": true,
        "value": 10
      },
      {
        "count": 138,
        "current": 13,
        "max": 36,
        "min": 0,
        "occurrences": 0,
        "standardDeviation": 0,
        "startTimeInMillis": 1465331280000,
        "sum": 1497,
        "useRange": true,
        "value": 11
      },
      {
        "count": 159,
        "current": 13,
        "max": 39,
        "min": 0,
        "occurrences": 0,
        "standardDeviation": 0,
        "startTimeInMillis": 1465331340000,
        "sum": 1726,
        "useRange": true,
        "value": 11
      },
      {
        "count": 57,
        "current": 17,
        "max": 29,
        "min": 0,
        "occurrences": 0,
        "standardDeviation": 0,
        "startTimeInMillis": 1465331400000,
        "sum": 653,
        "useRange": true,
        "value": 11
      },
      {
        "count": 102,
        "current": 12,
        "max": 20,
        "min": 0,
        "occurrences": 0,
        "standardDeviation": 0,
        "startTimeInMillis": 1465331460000,
        "sum": 997,
        "useRange": true,
        "value": 10
      }
    ]
  },
  {
    "frequency": "ONE_MIN",
    "metricId": 43802,
    "metricName": "BTM|Application Summary|Component:184|Average Response Time (ms)",
    "metricPath": "Overall Application Performance|ECommerce-Services|Individual Nodes|ECommerce_WEB2_NODE1|Average Response Time (ms)",
    "metricValues":     [
      {
        "count": 48,
        "current": 7,
        "max": 16384,
        "min": 0,
        "occurrences": 0,
        "standardDeviation": 0,
        "startTimeInMillis": 1465330620000,
        "sum": 46392,
        "useRange": true,
        "value": 967
      },
      {
        "count": 41,
        "current": 0,
        "max": 16467,
        "min": 0,
        "occurrences": 0,
        "standardDeviation": 0,
        "startTimeInMillis": 1465330680000,
        "sum": 110364,
        "useRange": true,
        "value": 2692
      },
      {
        "count": 30,
        "current": 2,
        "max": 57538,
        "min": 0,
        "occurrences": 0,
        "standardDeviation": 0,
        "startTimeInMillis": 1465330740000,
        "sum": 120132,
        "useRange": true,
        "value": 4004
      },
      {
        "count": 66,
        "current": 2,
        "max": 9510,
        "min": 0,
        "occurrences": 0,
        "standardDeviation": 0,
        "startTimeInMillis": 1465330800000,
        "sum": 23365,
        "useRange": true,
        "value": 354
      },
      {
        "count": 62,
        "current": 1,
        "max": 5387,
        "min": 0,
        "occurrences": 0,
        "standardDeviation": 0,
        "startTimeInMillis": 1465330860000,
        "sum": 22295,
        "useRange": true,
        "value": 360
      },
      {
        "count": 54,
        "current": 13,
        "max": 6333,
        "min": 0,
        "occurrences": 0,
        "standardDeviation": 0,
        "startTimeInMillis": 1465330920000,
        "sum": 28183,
        "useRange": true,
        "value": 522
      },
      {
        "count": 62,
        "current": 1,
        "max": 4696,
        "min": 0,
        "occurrences": 0,
        "standardDeviation": 0,
        "startTimeInMillis": 1465330980000,
        "sum": 15339,
        "useRange": true,
        "value": 247
      },
      {
        "count": 62,
        "current": 2,
        "max": 8856,
        "min": 0,
        "occurrences": 0,
        "standardDeviation": 0,
        "startTimeInMillis": 1465331040000,
        "sum": 33906,
        "useRange": true,
        "value": 547
      },
      {
        "count": 56,
        "current": 5666,
        "max": 8404,
        "min": 0,
        "occurrences": 0,
        "standardDeviation": 0,
        "startTimeInMillis": 1465331100000,
        "sum": 35160,
        "useRange": true,
        "value": 628
      },
      {
        "count": 54,
        "current": 1002,
        "max": 8225,
        "min": 0,
        "occurrences": 0,
        "standardDeviation": 0,
        "startTimeInMillis": 1465331160000,
        "sum": 33971,
        "useRange": true,
        "value": 629
      },
      {
        "count": 51,
        "current": 1,
        "max": 5630,
        "min": 0,
        "occurrences": 0,
        "standardDeviation": 0,
        "startTimeInMillis": 1465331220000,
        "sum": 17065,
        "useRange": true,
        "value": 335
      },
      {
        "count": 47,
        "current": 1,
        "max": 5339,
        "min": 0,
        "occurrences": 0,
        "standardDeviation": 0,
        "startTimeInMillis": 1465331280000,
        "sum": 17842,
        "useRange": true,
        "value": 380
      },
      {
        "count": 58,
        "current": 1002,
        "max": 4864,
        "min": 0,
        "occurrences": 0,
        "standardDeviation": 0,
        "startTimeInMillis": 1465331340000,
        "sum": 17908,
        "useRange": true,
        "value": 309
      },
      {
        "count": 58,
        "current": 2,
        "max": 5170,
        "min": 0,
        "occurrences": 0,
        "standardDeviation": 0,
        "startTimeInMillis": 1465331400000,
        "sum": 14463,
        "useRange": true,
        "value": 249
      },
      {
        "count": 60,
        "current": 1003,
        "max": 6050,
        "min": 0,
        "occurrences": 0,
        "standardDeviation": 0,
        "startTimeInMillis": 1465331460000,
        "sum": 18638,
        "useRange": true,
        "value": 311
      }
    ]
  }
]
