[
  {
    "frequency": "ONE_MIN",
    "metricId": 324709,
    "metricName": "BTM|BTs|BT:938|Component:192|Calls per Minute",
    "metricPath": "Business Transaction Performance|Business Transactions|Web-Tier-Services|User Logout|Calls per Minute",
    "metricValues": []
  },
  {
    "frequency": "ONE_MIN",
    "metricId": 324820,
    "metricName": "BTM|BTs|BT:939|Component:185|Calls per Minute",
    "metricPath": "Business Transaction Performance|Business Transactions|Inventory-Services|/cart/changeOrder|Calls per Minute",
    "metricValues": []
  },
  {
    "frequency": "ONE_MIN",
    "metricId": 329981,
    "metricName": "BTM|BTs|BT:1006|Component:191|Calls per Minute",
    "metricPath": "Business Transaction Performance|Business Transactions|Order-Processing-Services|FulfillmentConsumer:fulfillmentQueue|Calls per Minute",
    "metricValues": []
  },
  {
    "frequency": "ONE_MIN",
    "metricId": 43734,
    "metricName": "BTM|BTs|BT:528|Component:184|Calls per Minute",
    "metricPath": "Business Transaction Performance|Business Transactions|ECommerce-Services|Fetch Catalog - Mobile|Calls per Minute",
    "metricValues": []
  },
  {
    "frequency": "ONE_MIN",
    "metricId": 43725,
    "metricName": "BTM|BTs|BT:527|Component:184|Calls per Minute",
    "metricPath": "Business Transaction Performance|Business Transactions|ECommerce-Services|Homepage - OLD|Calls per Minute",
    "metricValues": []
  },
  {
    "frequency": "ONE_MIN",
    "metricId": 329901,
    "metricName": "BTM|BTs|BT:1001|Component:184|Calls per Minute",
    "metricPath": "Business Transaction Performance|Business Transactions|ECommerce-Services|ViewCart.paymentinfo|Calls per Minute",
    "metricValues": []
  },
  {
    "frequency": "ONE_MIN",
    "metricId": 47230,
    "metricName": "BTM|BTs|BT:555|Component:184|Calls per Minute",
    "metricPath": "Business Transaction Performance|Business Transactions|ECommerce-Services|Add To Cart - OLD|Calls per Minute",
    "metricValues": []
  },
  {
    "frequency": "ONE_MIN",
    "metricId": 330194,
    "metricName": "BTM|BTs|BT:1009|Component:184|Calls per Minute",
    "metricPath": "Business Transaction Performance|Business Transactions|ECommerce-Services|Add to Cart|Calls per Minute",
    "metricValues": []
  },
  {
    "frequency": "ONE_MIN",
    "metricId": 327597,
    "metricName": "BTM|BTs|BT:987|Component:184|Calls per Minute",
    "metricPath": "Business Transaction Performance|Business Transactions|ECommerce-Services|/.OPTIONS|Calls per Minute",
    "metricValues": []
  },
  {
    "frequency": "ONE_MIN",
    "metricId": 47508,
    "metricName": "BTM|BTs|BT:557|Component:184|Calls per Minute",
    "metricPath": "Business Transaction Performance|Business Transactions|ECommerce-Services|Login - Mobile|Calls per Minute",
    "metricValues":[]
  },
  {
    "frequency": "ONE_MIN",
    "metricId": 324688,
    "metricName": "BTM|BTs|BT:937|Component:184|Calls per Minute",
    "metricPath": "Business Transaction Performance|Business Transactions|ECommerce-Services|Order.update|Calls per Minute",
    "metricValues": []
  },
  {
    "frequency": "ONE_MIN",
    "metricId": 47221,
    "metricName": "BTM|BTs|BT:554|Component:184|Calls per Minute",
    "metricPath": "Business Transaction Performance|Business Transactions|ECommerce-Services|Checkout - OLD|Calls per Minute",
    "metricValues": []
  }
]
