[
  {
    "frequency": "ONE_MIN",
    "metricId": 324709,
    "metricName": "BTM|BTs|BT:938|Component:192|Calls per Minute",
    "metricPath": "Business Transaction Performance|Business Transactions|Web-Tier-Services|User Logout|Calls per Minute",
    "metricValues": []
  },
  {
    "frequency": "ONE_MIN",
    "metricId": 324820,
    "metricName": "BTM|BTs|BT:939|Component:185|Calls per Minute",
    "metricPath": "Business Transaction Performance|Business Transactions|Inventory-Services|/cart/changeOrder|Calls per Minute",
    "metricValues": []
  },
  {
    "frequency": "ONE_MIN",
    "metricId": 329981,
    "metricName": "BTM|BTs|BT:1006|Component:191|Calls per Minute",
    "metricPath": "Business Transaction Performance|Business Transactions|Order-Processing-Services|FulfillmentConsumer:fulfillmentQueue|Calls per Minute",
    "metricValues": []
  },
  {
    "frequency": "ONE_MIN",
    "metricId": 43734,
    "metricName": "BTM|BTs|BT:528|Component:184|Calls per Minute",
    "metricPath": "Business Transaction Performance|Business Transactions|ECommerce-Services|Fetch Catalog - Mobile|Calls per Minute",
    "metricValues": [
      {
        "count": 2,
        "current": 7,
        "max": 0,
        "min": 0,
        "occurrences": 0,
        "standardDeviation": 0,
        "startTimeInMillis": 1480691700000,
        "sum": 7,
        "useRange": false,
        "value": 7
      },
      {
        "count": 2,
        "current": 7,
        "max": 0,
        "min": 0,
        "occurrences": 0,
        "standardDeviation": 0,
        "startTimeInMillis": 1480691760000,
        "sum": 7,
        "useRange": false,
        "value": 30
      },
      {
        "count": 2,
        "current": 8,
        "max": 0,
        "min": 0,
        "occurrences": 0,
        "standardDeviation": 0,
        "startTimeInMillis": 1480691820000,
        "sum": 8,
        "useRange": false,
        "value": 8
      },
      {
        "count": 2,
        "current": 8,
        "max": 0,
        "min": 0,
        "occurrences": 0,
        "standardDeviation": 0,
        "startTimeInMillis": 1480691880000,
        "sum": 8,
        "useRange": false,
        "value": 8
      },
      {
        "count": 2,
        "current": 7,
        "max": 0,
        "min": 0,
        "occurrences": 0,
        "standardDeviation": 0,
        "startTimeInMillis": 1480691940000,
        "sum": 7,
        "useRange": false,
        "value": 7
      },
      {
        "count": 2,
        "current": 7,
        "max": 0,
        "min": 0,
        "occurrences": 0,
        "standardDeviation": 0,
        "startTimeInMillis": 1480692000000,
        "sum": 7,
        "useRange": false,
        "value": 7
      },
      {
        "count": 2,
        "current": 9,
        "max": 0,
        "min": 0,
        "occurrences": 0,
        "standardDeviation": 0,
        "startTimeInMillis": 1480692060000,
        "sum": 9,
        "useRange": false,
        "value": 9
      },
      {
        "count": 2,
        "current": 7,
        "max": 0,
        "min": 0,
        "occurrences": 0,
        "standardDeviation": 0,
        "startTimeInMillis": 1480692120000,
        "sum": 7,
        "useRange": false,
        "value": 7
      },
      {
        "count": 2,
        "current": 7,
        "max": 0,
        "min": 0,
        "occurrences": 0,
        "standardDeviation": 0,
        "startTimeInMillis": 1480692180000,
        "sum": 8,
        "useRange": false,
        "value": 100
      },
      {
        "count": 2,
        "current": 7,
        "max": 0,
        "min": 0,
        "occurrences": 0,
        "standardDeviation": 0,
        "startTimeInMillis": 1480692240000,
        "sum": 7,
        "useRange": false,
        "value": 7
      },
      {
        "count": 2,
        "current": 8,
        "max": 0,
        "min": 0,
        "occurrences": 0,
        "standardDeviation": 0,
        "startTimeInMillis": 1480692300000,
        "sum": 8,
        "useRange": false,
        "value": 8
      },
      {
        "count": 2,
        "current": 9,
        "max": 0,
        "min": 0,
        "occurrences": 0,
        "standardDeviation": 0,
        "startTimeInMillis": 1480692360000,
        "sum": 10,
        "useRange": false,
        "value": 10
      },
      {
        "count": 2,
        "current": 5,
        "max": 0,
        "min": 0,
        "occurrences": 0,
        "standardDeviation": 0,
        "startTimeInMillis": 1480692420000,
        "sum": 5,
        "useRange": false,
        "value": 5
      },
      {
        "count": 2,
        "current": 8,
        "max": 0,
        "min": 0,
        "occurrences": 0,
        "standardDeviation": 0,
        "startTimeInMillis": 1480692480000,
        "sum": 8,
        "useRange": false,
        "value": 8
      },
      {
        "count": 2,
        "current": 6,
        "max": 0,
        "min": 0,
        "occurrences": 0,
        "standardDeviation": 0,
        "startTimeInMillis": 1480692540000,
        "sum": 6,
        "useRange": false,
        "value": 6
      }
    ]
  },
  {
    "frequency": "ONE_MIN",
    "metricId": 43725,
    "metricName": "BTM|BTs|BT:527|Component:184|Calls per Minute",
    "metricPath": "Business Transaction Performance|Business Transactions|ECommerce-Services|Homepage - OLD|Calls per Minute",
    "metricValues": []
  },
  {
    "frequency": "ONE_MIN",
    "metricId": 329901,
    "metricName": "BTM|BTs|BT:1001|Component:184|Calls per Minute",
    "metricPath": "Business Transaction Performance|Business Transactions|ECommerce-Services|ViewCart.paymentinfo|Calls per Minute",
    "metricValues": []
  },
  {
    "frequency": "ONE_MIN",
    "metricId": 47230,
    "metricName": "BTM|BTs|BT:555|Component:184|Calls per Minute",
    "metricPath": "Business Transaction Performance|Business Transactions|ECommerce-Services|Add To Cart - OLD|Calls per Minute",
    "metricValues": []
  },
  {
    "frequency": "ONE_MIN",
    "metricId": 330194,
    "metricName": "BTM|BTs|BT:1009|Component:184|Calls per Minute",
    "metricPath": "Business Transaction Performance|Business Transactions|ECommerce-Services|Add to Cart|Calls per Minute",
    "metricValues": [
      {
        "count": 2,
        "current": 2,
        "max": 0,
        "min": 0,
        "occurrences": 0,
        "standardDeviation": 0,
        "startTimeInMillis": 1480691700000,
        "sum": 7,
        "useRange": false,
        "value": 7
      },
      {
        "count": 2,
        "current": 2,
        "max": 0,
        "min": 0,
        "occurrences": 0,
        "standardDeviation": 0,
        "startTimeInMillis": 1480691760000,
        "sum": 6,
        "useRange": false,
        "value": 6
      },
      {
        "count": 2,
        "current": 0,
        "max": 0,
        "min": 0,
        "occurrences": 0,
        "standardDeviation": 0,
        "startTimeInMillis": 1480691820000,
        "sum": 4,
        "useRange": false,
        "value": 4
      },
      {
        "count": 2,
        "current": 0,
        "max": 0,
        "min": 0,
        "occurrences": 0,
        "standardDeviation": 0,
        "startTimeInMillis": 1480691880000,
        "sum": 7,
        "useRange": false,
        "value": 7
      },
      {
        "count": 2,
        "current": 1,
        "max": 0,
        "min": 0,
        "occurrences": 0,
        "standardDeviation": 0,
        "startTimeInMillis": 1480691940000,
        "sum": 5,
        "useRange": false,
        "value": 5
      },
      {
        "count": 2,
        "current": 2,
        "max": 0,
        "min": 0,
        "occurrences": 0,
        "standardDeviation": 0,
        "startTimeInMillis": 1480692000000,
        "sum": 8,
        "useRange": false,
        "value": 8
      },
      {
        "count": 2,
        "current": 2,
        "max": 0,
        "min": 0,
        "occurrences": 0,
        "standardDeviation": 0,
        "startTimeInMillis": 1480692060000,
        "sum": 7,
        "useRange": false,
        "value": 7
      },
      {
        "count": 2,
        "current": 0,
        "max": 0,
        "min": 0,
        "occurrences": 0,
        "standardDeviation": 0,
        "startTimeInMillis": 1480692120000,
        "sum": 6,
        "useRange": false,
        "value": 6
      },
      {
        "count": 2,
        "current": 4,
        "max": 0,
        "min": 0,
        "occurrences": 0,
        "standardDeviation": 0,
        "startTimeInMillis": 1480692180000,
        "sum": 7,
        "useRange": false,
        "value": 7
      },
      {
        "count": 2,
        "current": 0,
        "max": 0,
        "min": 0,
        "occurrences": 0,
        "standardDeviation": 0,
        "startTimeInMillis": 1480692240000,
        "sum": 7,
        "useRange": false,
        "value": 7
      },
      {
        "count": 2,
        "current": 2,
        "max": 0,
        "min": 0,
        "occurrences": 0,
        "standardDeviation": 0,
        "startTimeInMillis": 1480692300000,
        "sum": 5,
        "useRange": false,
        "value": 5
      },
      {
        "count": 2,
        "current": 5,
        "max": 0,
        "min": 0,
        "occurrences": 0,
        "standardDeviation": 0,
        "startTimeInMillis": 1480692360000,
        "sum": 8,
        "useRange": false,
        "value": 8
      },
      {
        "count": 2,
        "current": 0,
        "max": 0,
        "min": 0,
        "occurrences": 0,
        "standardDeviation": 0,
        "startTimeInMillis": 1480692420000,
        "sum": 8,
        "useRange": false,
        "value": 8
      },
      {
        "count": 2,
        "current": 1,
        "max": 0,
        "min": 0,
        "occurrences": 0,
        "standardDeviation": 0,
        "startTimeInMillis": 1480692480000,
        "sum": 7,
        "useRange": false,
        "value": 80
      },
      {
        "count": 2,
        "current": 2,
        "max": 0,
        "min": 0,
        "occurrences": 0,
        "standardDeviation": 0,
        "startTimeInMillis": 1480692540000,
        "sum": 6,
        "useRange": false,
        "value": 6
      }
    ]
  },
  {
    "frequency": "ONE_MIN",
    "metricId": 327597,
    "metricName": "BTM|BTs|BT:987|Component:184|Calls per Minute",
    "metricPath": "Business Transaction Performance|Business Transactions|ECommerce-Services|/.OPTIONS|Calls per Minute",
    "metricValues": []
  },
  {
    "frequency": "ONE_MIN",
    "metricId": 47508,
    "metricName": "BTM|BTs|BT:557|Component:184|Calls per Minute",
    "metricPath": "Business Transaction Performance|Business Transactions|ECommerce-Services|Login - Mobile|Calls per Minute",
    "metricValues": [
      {
        "count": 2,
        "current": 3,
        "max": 0,
        "min": 0,
        "occurrences": 0,
        "standardDeviation": 0,
        "startTimeInMillis": 1480691700000,
        "sum": 7,
        "useRange": false,
        "value": 7
      },
      {
        "count": 2,
        "current": 1,
        "max": 0,
        "min": 0,
        "occurrences": 0,
        "standardDeviation": 0,
        "startTimeInMillis": 1480691760000,
        "sum": 7,
        "useRange": false,
        "value": 7
      },
      {
        "count": 2,
        "current": 0,
        "max": 0,
        "min": 0,
        "occurrences": 0,
        "standardDeviation": 0,
        "startTimeInMillis": 1480691820000,
        "sum": 7,
        "useRange": false,
        "value": 7
      },
      {
        "count": 2,
        "current": 0,
        "max": 0,
        "min": 0,
        "occurrences": 0,
        "standardDeviation": 0,
        "startTimeInMillis": 1480691880000,
        "sum": 8,
        "useRange": false,
        "value": 8
      },
      {
        "count": 2,
        "current": 4,
        "max": 0,
        "min": 0,
        "occurrences": 0,
        "standardDeviation": 0,
        "startTimeInMillis": 1480691940000,
        "sum": 7,
        "useRange": false,
        "value": 7
      },
      {
        "count": 2,
        "current": 1,
        "max": 0,
        "min": 0,
        "occurrences": 0,
        "standardDeviation": 0,
        "startTimeInMillis": 1480692000000,
        "sum": 7,
        "useRange": false,
        "value": 7
      },
      {
        "count": 2,
        "current": 1,
        "max": 0,
        "min": 0,
        "occurrences": 0,
        "standardDeviation": 0,
        "startTimeInMillis": 1480692060000,
        "sum": 7,
        "useRange": false,
        "value": 70
      },
      {
        "count": 2,
        "current": 0,
        "max": 0,
        "min": 0,
        "occurrences": 0,
        "standardDeviation": 0,
        "startTimeInMillis": 1480692120000,
        "sum": 8,
        "useRange": false,
        "value": 95
      },
      {
        "count": 2,
        "current": 4,
        "max": 0,
        "min": 0,
        "occurrences": 0,
        "standardDeviation": 0,
        "startTimeInMillis": 1480692180000,
        "sum": 7,
        "useRange": false,
        "value": 7
      },
      {
        "count": 2,
        "current": 0,
        "max": 0,
        "min": 0,
        "occurrences": 0,
        "standardDeviation": 0,
        "startTimeInMillis": 1480692240000,
        "sum": 7,
        "useRange": false,
        "value": 7
      },
      {
        "count": 2,
        "current": 1,
        "max": 0,
        "min": 0,
        "occurrences": 0,
        "standardDeviation": 0,
        "startTimeInMillis": 1480692300000,
        "sum": 7,
        "useRange": false,
        "value": 7
      },
      {
        "count": 2,
        "current": 3,
        "max": 0,
        "min": 0,
        "occurrences": 0,
        "standardDeviation": 0,
        "startTimeInMillis": 1480692360000,
        "sum": 8,
        "useRange": false,
        "value": 8
      },
      {
        "count": 2,
        "current": 0,
        "max": 0,
        "min": 0,
        "occurrences": 0,
        "standardDeviation": 0,
        "startTimeInMillis": 1480692420000,
        "sum": 5,
        "useRange": false,
        "value": 5
      },
      {
        "count": 2,
        "current": 1,
        "max": 0,
        "min": 0,
        "occurrences": 0,
        "standardDeviation": 0,
        "startTimeInMillis": 1480692480000,
        "sum": 8,
        "useRange": false,
        "value": 8
      },
      {
        "count": 2,
        "current": 2,
        "max": 0,
        "min": 0,
        "occurrences": 0,
        "standardDeviation": 0,
        "startTimeInMillis": 1480692540000,
        "sum": 7,
        "useRange": false,
        "value": 7
      }
    ]
  },
  {
    "frequency": "ONE_MIN",
    "metricId": 324688,
    "metricName": "BTM|BTs|BT:937|Component:184|Calls per Minute",
    "metricPath": "Business Transaction Performance|Business Transactions|ECommerce-Services|Order.update|Calls per Minute",
    "metricValues": [
      {
        "count": 2,
        "current": 1,
        "max": 0,
        "min": 0,
        "occurrences": 0,
        "standardDeviation": 0,
        "startTimeInMillis": 1480691700000,
        "sum": 5,
        "useRange": false,
        "value": 5
      },
      {
        "count": 2,
        "current": 0,
        "max": 0,
        "min": 0,
        "occurrences": 0,
        "standardDeviation": 0,
        "startTimeInMillis": 1480691760000,
        "sum": 5,
        "useRange": false,
        "value": 5
      },
      {
        "count": 2,
        "current": 1,
        "max": 0,
        "min": 0,
        "occurrences": 0,
        "standardDeviation": 0,
        "startTimeInMillis": 1480691820000,
        "sum": 3,
        "useRange": false,
        "value": 3
      },
      {
        "count": 2,
        "current": 0,
        "max": 0,
        "min": 0,
        "occurrences": 0,
        "standardDeviation": 0,
        "startTimeInMillis": 1480691880000,
        "sum": 6,
        "useRange": false,
        "value": 6
      },
      {
        "count": 2,
        "current": 0,
        "max": 0,
        "min": 0,
        "occurrences": 0,
        "standardDeviation": 0,
        "startTimeInMillis": 1480691940000,
        "sum": 5,
        "useRange": false,
        "value": 5
      },
      {
        "count": 2,
        "current": 0,
        "max": 0,
        "min": 0,
        "occurrences": 0,
        "standardDeviation": 0,
        "startTimeInMillis": 1480692000000,
        "sum": 6,
        "useRange": false,
        "value": 6
      },
      {
        "count": 2,
        "current": 2,
        "max": 0,
        "min": 0,
        "occurrences": 0,
        "standardDeviation": 0,
        "startTimeInMillis": 1480692060000,
        "sum": 7,
        "useRange": false,
        "value": 7
      },
      {
        "count": 2,
        "current": 1,
        "max": 0,
        "min": 0,
        "occurrences": 0,
        "standardDeviation": 0,
        "startTimeInMillis": 1480692120000,
        "sum": 5,
        "useRange": false,
        "value": 5
      },
      {
        "count": 2,
        "current": 2,
        "max": 0,
        "min": 0,
        "occurrences": 0,
        "standardDeviation": 0,
        "startTimeInMillis": 1480692180000,
        "sum": 8,
        "useRange": false,
        "value": 8
      },
      {
        "count": 2,
        "current": 2,
        "max": 0,
        "min": 0,
        "occurrences": 0,
        "standardDeviation": 0,
        "startTimeInMillis": 1480692240000,
        "sum": 4,
        "useRange": false,
        "value": 4
      },
      {
        "count": 2,
        "current": 1,
        "max": 0,
        "min": 0,
        "occurrences": 0,
        "standardDeviation": 0,
        "startTimeInMillis": 1480692300000,
        "sum": 6,
        "useRange": false,
        "value": 6
      },
      {
        "count": 2,
        "current": 1,
        "max": 0,
        "min": 0,
        "occurrences": 0,
        "standardDeviation": 0,
        "startTimeInMillis": 1480692360000,
        "sum": 6,
        "useRange": false,
        "value": 6
      },
      {
        "count": 2,
        "current": 1,
        "max": 0,
        "min": 0,
        "occurrences": 0,
        "standardDeviation": 0,
        "startTimeInMillis": 1480692420000,
        "sum": 6,
        "useRange": false,
        "value": 6
      },
      {
        "count": 2,
        "current": 0,
        "max": 0,
        "min": 0,
        "occurrences": 0,
        "standardDeviation": 0,
        "startTimeInMillis": 1480692480000,
        "sum": 5,
        "useRange": false,
        "value": 5
      },
      {
        "count": 2,
        "current": 2,
        "max": 0,
        "min": 0,
        "occurrences": 0,
        "standardDeviation": 0,
        "startTimeInMillis": 1480692540000,
        "sum": 7,
        "useRange": false,
        "value": 7
      }
    ]
  },
  {
    "frequency": "ONE_MIN",
    "metricId": 47221,
    "metricName": "BTM|BTs|BT:554|Component:184|Calls per Minute",
    "metricPath": "Business Transaction Performance|Business Transactions|ECommerce-Services|Checkout - OLD|Calls per Minute",
    "metricValues": []
  },
  {
    "frequency": "ONE_MIN",
    "metricId": 330230,
    "metricName": "BTM|BTs|BT:1013|Component:184|Calls per Minute",
    "metricPath": "Business Transaction Performance|Business Transactions|ECommerce-Services|Payment Info|Calls per Minute",
    "metricValues": [
      {
        "count": 2,
        "current": 1,
        "max": 0,
        "min": 0,
        "occurrences": 0,
        "standardDeviation": 0,
        "startTimeInMillis": 1480691700000,
        "sum": 5,
        "useRange": false,
        "value": 5
      },
      {
        "count": 2,
        "current": 1,
        "max": 0,
        "min": 0,
        "occurrences": 0,
        "standardDeviation": 0,
        "startTimeInMillis": 1480691760000,
        "sum": 6,
        "useRange": false,
        "value": 6
      },
      {
        "count": 2,
        "current": 0,
        "max": 0,
        "min": 0,
        "occurrences": 0,
        "standardDeviation": 0,
        "startTimeInMillis": 1480691820000,
        "sum": 4,
        "useRange": false,
        "value": 4
      },
      {
        "count": 2,
        "current": 0,
        "max": 0,
        "min": 0,
        "occurrences": 0,
        "standardDeviation": 0,
        "startTimeInMillis": 1480691880000,
        "sum": 5,
        "useRange": false,
        "value": 5
      },
      {
        "count": 2,
        "current": 0,
        "max": 0,
        "min": 0,
        "occurrences": 0,
        "standardDeviation": 0,
        "startTimeInMillis": 1480691940000,
        "sum": 5,
        "useRange": false,
        "value": 5
      },
      {
        "count": 2,
        "current": 0,
        "max": 0,
        "min": 0,
        "occurrences": 0,
        "standardDeviation": 0,
        "startTimeInMillis": 1480692000000,
        "sum": 7,
        "useRange": false,
        "value": 7
      },
      {
        "count": 2,
        "current": 2,
        "max": 0,
        "min": 0,
        "occurrences": 0,
        "standardDeviation": 0,
        "startTimeInMillis": 1480692060000,
        "sum": 5,
        "useRange": false,
        "value": 5
      },
      {
        "count": 2,
        "current": 1,
        "max": 0,
        "min": 0,
        "occurrences": 0,
        "standardDeviation": 0,
        "startTimeInMillis": 1480692120000,
        "sum": 7,
        "useRange": false,
        "value": 7
      },
      {
        "count": 2,
        "current": 3,
        "max": 0,
        "min": 0,
        "occurrences": 0,
        "standardDeviation": 0,
        "startTimeInMillis": 1480692180000,
        "sum": 7,
        "useRange": false,
        "value": 7
      },
      {
        "count": 2,
        "current": 1,
        "max": 0,
        "min": 0,
        "occurrences": 0,
        "standardDeviation": 0,
        "startTimeInMillis": 1480692240000,
        "sum": 6,
        "useRange": false,
        "value": 6
      },
      {
        "count": 2,
        "current": 1,
        "max": 0,
        "min": 0,
        "occurrences": 0,
        "standardDeviation": 0,
        "startTimeInMillis": 1480692300000,
        "sum": 6,
        "useRange": false,
        "value": 6
      },
      {
        "count": 2,
        "current": 2,
        "max": 0,
        "min": 0,
        "occurrences": 0,
        "standardDeviation": 0,
        "startTimeInMillis": 1480692360000,
        "sum": 5,
        "useRange": false,
        "value": 5
      },
      {
        "count": 2,
        "current": 0,
        "max": 0,
        "min": 0,
        "occurrences": 0,
        "standardDeviation": 0,
        "startTimeInMillis": 1480692420000,
        "sum": 5,
        "useRange": false,
        "value": 5
      },
      {
        "count": 2,
        "current": 1,
        "max": 0,
        "min": 0,
        "occurrences": 0,
        "standardDeviation": 0,
        "startTimeInMillis": 1480692480000,
        "sum": 6,
        "useRange": false,
        "value": 6
      },
      {
        "count": 2,
        "current": 2,
        "max": 0,
        "min": 0,
        "occurrences": 0,
        "standardDeviation": 0,
        "startTimeInMillis": 1480692540000,
        "sum": 8,
        "useRange": false,
        "value": 8
      }
    ]
  },
  {
    "frequency": "ONE_MIN",
    "metricId": 280532,
    "metricName": "BTM|BTs|BT:824|Component:184|Calls per Minute",
    "metricPath": "Business Transaction Performance|Business Transactions|ECommerce-Services|_APPDYNAMICS_DEFAULT_TX_|Calls per Minute",
    "metricValues": []
  },
  {
    "frequency": "ONE_MIN",
    "metricId": 329910,
    "metricName": "BTM|BTs|BT:1002|Component:184|Calls per Minute",
    "metricPath": "Business Transaction Performance|Business Transactions|ECommerce-Services|ViewCart.confirmorder|Calls per Minute",
    "metricValues": []
  },
  {
    "frequency": "ONE_MIN",
    "metricId": 324601,
    "metricName": "BTM|BTs|BT:936|Component:191|Calls per Minute",
    "metricPath": "Business Transaction Performance|Business Transactions|Order-Processing-Services|_APPDYNAMICS_DEFAULT_TX_|Calls per Minute",
    "metricValues": []
  },
  {
    "frequency": "ONE_MIN",
    "metricId": 47641,
    "metricName": "BTM|BTs|BT:558|Component:184|Calls per Minute",
    "metricPath": "Business Transaction Performance|Business Transactions|ECommerce-Services|Add To Cart - Mobile|Calls per Minute",
    "metricValues": [
      {
        "count": 1,
        "current": 7,
        "max": 0,
        "min": 0,
        "occurrences": 0,
        "standardDeviation": 0,
        "startTimeInMillis": 1480691700000,
        "sum": 7,
        "useRange": false,
        "value": 7
      },
      {
        "count": 1,
        "current": 7,
        "max": 0,
        "min": 0,
        "occurrences": 0,
        "standardDeviation": 0,
        "startTimeInMillis": 1480691760000,
        "sum": 7,
        "useRange": false,
        "value": 7
      },
      {
        "count": 1,
        "current": 8,
        "max": 0,
        "min": 0,
        "occurrences": 0,
        "standardDeviation": 0,
        "startTimeInMillis": 1480691820000,
        "sum": 8,
        "useRange": false,
        "value": 8
      },
      {
        "count": 1,
        "current": 7,
        "max": 0,
        "min": 0,
        "occurrences": 0,
        "standardDeviation": 0,
        "startTimeInMillis": 1480691880000,
        "sum": 7,
        "useRange": false,
        "value": 7
      },
      {
        "count": 1,
        "current": 7,
        "max": 0,
        "min": 0,
        "occurrences": 0,
        "standardDeviation": 0,
        "startTimeInMillis": 1480691940000,
        "sum": 7,
        "useRange": false,
        "value": 7
      },
      {
        "count": 1,
        "current": 7,
        "max": 0,
        "min": 0,
        "occurrences": 0,
        "standardDeviation": 0,
        "startTimeInMillis": 1480692000000,
        "sum": 7,
        "useRange": false,
        "value": 7
      },
      {
        "count": 1,
        "current": 8,
        "max": 0,
        "min": 0,
        "occurrences": 0,
        "standardDeviation": 0,
        "startTimeInMillis": 1480692060000,
        "sum": 8,
        "useRange": false,
        "value": 8
      },
      {
        "count": 1,
        "current": 7,
        "max": 0,
        "min": 0,
        "occurrences": 0,
        "standardDeviation": 0,
        "startTimeInMillis": 1480692120000,
        "sum": 7,
        "useRange": false,
        "value": 7
      },
      {
        "count": 1,
        "current": 6,
        "max": 0,
        "min": 0,
        "occurrences": 0,
        "standardDeviation": 0,
        "startTimeInMillis": 1480692180000,
        "sum": 6,
        "useRange": false,
        "value": 6
      },
      {
        "count": 1,
        "current": 8,
        "max": 0,
        "min": 0,
        "occurrences": 0,
        "standardDeviation": 0,
        "startTimeInMillis": 1480692240000,
        "sum": 8,
        "useRange": false,
        "value": 8
      },
      {
        "count": 1,
        "current": 7,
        "max": 0,
        "min": 0,
        "occurrences": 0,
        "standardDeviation": 0,
        "startTimeInMillis": 1480692300000,
        "sum": 7,
        "useRange": false,
        "value": 7
      },
      {
        "count": 1,
        "current": 8,
        "max": 0,
        "min": 0,
        "occurrences": 0,
        "standardDeviation": 0,
        "startTimeInMillis": 1480692360000,
        "sum": 8,
        "useRange": false,
        "value": 8
      },
      {
        "count": 1,
        "current": 6,
        "max": 0,
        "min": 0,
        "occurrences": 0,
        "standardDeviation": 0,
        "startTimeInMillis": 1480692420000,
        "sum": 6,
        "useRange": false,
        "value": 6
      },
      {
        "count": 1,
        "current": 7,
        "max": 0,
        "min": 0,
        "occurrences": 0,
        "standardDeviation": 0,
        "startTimeInMillis": 1480692480000,
        "sum": 7,
        "useRange": false,
        "value": 7
      },
      {
        "count": 1,
        "current": 7,
        "max": 0,
        "min": 0,
        "occurrences": 0,
        "standardDeviation": 0,
        "startTimeInMillis": 1480692540000,
        "sum": 7,
        "useRange": false,
        "value": 7
      }
    ]
  },
  {
    "frequency": "ONE_MIN",
    "metricId": 330203,
    "metricName": "BTM|BTs|BT:1010|Component:184|Calls per Minute",
    "metricPath": "Business Transaction Performance|Business Transactions|ECommerce-Services|Fetch Catalog|Calls per Minute",
    "metricValues": [
      {
        "count": 2,
        "current": 2,
        "max": 0,
        "min": 0,
        "occurrences": 0,
        "standardDeviation": 0,
        "startTimeInMillis": 1480691700000,
        "sum": 6,
        "useRange": false,
        "value": 6
      },
      {
        "count": 2,
        "current": 2,
        "max": 0,
        "min": 0,
        "occurrences": 0,
        "standardDeviation": 0,
        "startTimeInMillis": 1480691760000,
        "sum": 7,
        "useRange": false,
        "value": 7
      },
      {
        "count": 2,
        "current": 0,
        "max": 0,
        "min": 0,
        "occurrences": 0,
        "standardDeviation": 0,
        "startTimeInMillis": 1480691820000,
        "sum": 5,
        "useRange": false,
        "value": 5
      },
      {
        "count": 2,
        "current": 0,
        "max": 0,
        "min": 0,
        "occurrences": 0,
        "standardDeviation": 0,
        "startTimeInMillis": 1480691880000,
        "sum": 5,
        "useRange": false,
        "value": 5
      },
      {
        "count": 2,
        "current": 1,
        "max": 0,
        "min": 0,
        "occurrences": 0,
        "standardDeviation": 0,
        "startTimeInMillis": 1480691940000,
        "sum": 6,
        "useRange": false,
        "value": 6
      },
      {
        "count": 2,
        "current": 2,
        "max": 0,
        "min": 0,
        "occurrences": 0,
        "standardDeviation": 0,
        "startTimeInMillis": 1480692000000,
        "sum": 7,
        "useRange": false,
        "value": 7
      },
      {
        "count": 2,
        "current": 2,
        "max": 0,
        "min": 0,
        "occurrences": 0,
        "standardDeviation": 0,
        "startTimeInMillis": 1480692060000,
        "sum": 8,
        "useRange": false,
        "value": 8
      },
      {
        "count": 2,
        "current": 0,
        "max": 0,
        "min": 0,
        "occurrences": 0,
        "standardDeviation": 0,
        "startTimeInMillis": 1480692120000,
        "sum": 7,
        "useRange": false,
        "value": 7
      },
      {
        "count": 2,
        "current": 4,
        "max": 0,
        "min": 0,
        "occurrences": 0,
        "standardDeviation": 0,
        "startTimeInMillis": 1480692180000,
        "sum": 6,
        "useRange": false,
        "value": 6
      },
      {
        "count": 2,
        "current": 0,
        "max": 0,
        "min": 0,
        "occurrences": 0,
        "standardDeviation": 0,
        "startTimeInMillis": 1480692240000,
        "sum": 7,
        "useRange": false,
        "value": 7
      },
      {
        "count": 2,
        "current": 2,
        "max": 0,
        "min": 0,
        "occurrences": 0,
        "standardDeviation": 0,
        "startTimeInMillis": 1480692300000,
        "sum": 6,
        "useRange": false,
        "value": 6
      },
      {
        "count": 2,
        "current": 5,
        "max": 0,
        "min": 0,
        "occurrences": 0,
        "standardDeviation": 0,
        "startTimeInMillis": 1480692360000,
        "sum": 8,
        "useRange": false,
        "value": 8
      },
      {
        "count": 2,
        "current": 0,
        "max": 0,
        "min": 0,
        "occurrences": 0,
        "standardDeviation": 0,
        "startTimeInMillis": 1480692420000,
        "sum": 8,
        "useRange": false,
        "value": 8
      },
      {
        "count": 2,
        "current": 2,
        "max": 0,
        "min": 0,
        "occurrences": 0,
        "standardDeviation": 0,
        "startTimeInMillis": 1480692480000,
        "sum": 8,
        "useRange": false,
        "value": 8
      },
      {
        "count": 2,
        "current": 1,
        "max": 0,
        "min": 0,
        "occurrences": 0,
        "standardDeviation": 0,
        "startTimeInMillis": 1480692540000,
        "sum": 6,
        "useRange": false,
        "value": 6
      }
    ]
  },
  {
    "frequency": "ONE_MIN",
    "metricId": 330212,
    "metricName": "BTM|BTs|BT:1011|Component:184|Calls per Minute",
    "metricPath": "Business Transaction Performance|Business Transactions|ECommerce-Services|Shipping Address|Calls per Minute",
    "metricValues": [
      {
        "count": 2,
        "current": 1,
        "max": 0,
        "min": 0,
        "occurrences": 0,
        "standardDeviation": 0,
        "startTimeInMillis": 1480691700000,
        "sum": 6,
        "useRange": false,
        "value": 6
      },
      {
        "count": 2,
        "current": 1,
        "max": 0,
        "min": 0,
        "occurrences": 0,
        "standardDeviation": 0,
        "startTimeInMillis": 1480691760000,
        "sum": 6,
        "useRange": false,
        "value": 6
      },
      {
        "count": 2,
        "current": 0,
        "max": 0,
        "min": 0,
        "occurrences": 0,
        "standardDeviation": 0,
        "startTimeInMillis": 1480691820000,
        "sum": 4,
        "useRange": false,
        "value": 4
      },
      {
        "count": 2,
        "current": 0,
        "max": 0,
        "min": 0,
        "occurrences": 0,
        "standardDeviation": 0,
        "startTimeInMillis": 1480691880000,
        "sum": 5,
        "useRange": false,
        "value": 5
      },
      {
        "count": 2,
        "current": 0,
        "max": 0,
        "min": 0,
        "occurrences": 0,
        "standardDeviation": 0,
        "startTimeInMillis": 1480691940000,
        "sum": 6,
        "useRange": false,
        "value": 6
      },
      {
        "count": 2,
        "current": 1,
        "max": 0,
        "min": 0,
        "occurrences": 0,
        "standardDeviation": 0,
        "startTimeInMillis": 1480692000000,
        "sum": 7,
        "useRange": false,
        "value": 7
      },
      {
        "count": 2,
        "current": 2,
        "max": 0,
        "min": 0,
        "occurrences": 0,
        "standardDeviation": 0,
        "startTimeInMillis": 1480692060000,
        "sum": 7,
        "useRange": false,
        "value": 7
      },
      {
        "count": 2,
        "current": 0,
        "max": 0,
        "min": 0,
        "occurrences": 0,
        "standardDeviation": 0,
        "startTimeInMillis": 1480692120000,
        "sum": 5,
        "useRange": false,
        "value": 5
      },
      {
        "count": 2,
        "current": 4,
        "max": 0,
        "min": 0,
        "occurrences": 0,
        "standardDeviation": 0,
        "startTimeInMillis": 1480692180000,
        "sum": 8,
        "useRange": false,
        "value": 8
      },
      {
        "count": 2,
        "current": 0,
        "max": 0,
        "min": 0,
        "occurrences": 0,
        "standardDeviation": 0,
        "startTimeInMillis": 1480692240000,
        "sum": 7,
        "useRange": false,
        "value": 7
      },
      {
        "count": 2,
        "current": 2,
        "max": 0,
        "min": 0,
        "occurrences": 0,
        "standardDeviation": 0,
        "startTimeInMillis": 1480692300000,
        "sum": 5,
        "useRange": false,
        "value": 5
      },
      {
        "count": 2,
        "current": 2,
        "max": 0,
        "min": 0,
        "occurrences": 0,
        "standardDeviation": 0,
        "startTimeInMillis": 1480692360000,
        "sum": 5,
        "useRange": false,
        "value": 5
      },
      {
        "count": 2,
        "current": 0,
        "max": 0,
        "min": 0,
        "occurrences": 0,
        "standardDeviation": 0,
        "startTimeInMillis": 1480692420000,
        "sum": 6,
        "useRange": false,
        "value": 6
      },
      {
        "count": 2,
        "current": 1,
        "max": 0,
        "min": 0,
        "occurrences": 0,
        "standardDeviation": 0,
        "startTimeInMillis": 1480692480000,
        "sum": 7,
        "useRange": false,
        "value": 7
      },
      {
        "count": 2,
        "current": 2,
        "max": 0,
        "min": 0,
        "occurrences": 0,
        "standardDeviation": 0,
        "startTimeInMillis": 1480692540000,
        "sum": 7,
        "useRange": false,
        "value": 7
      }
    ]
  },
  {
    "frequency": "ONE_MIN",
    "metricId": 280866,
    "metricName": "BTM|BTs|BT:826|Component:185|Calls per Minute",
    "metricPath": "Business Transaction Performance|Business Transactions|Inventory-Services|_APPDYNAMICS_DEFAULT_TX_|Calls per Minute",
    "metricValues": []
  },
  {
    "frequency": "ONE_MIN",
    "metricId": 45347,
    "metricName": "BTM|BTs|BT:549|Component:184|Calls per Minute",
    "metricPath": "Business Transaction Performance|Business Transactions|ECommerce-Services|Fetch Catalog - OLD|Calls per Minute",
    "metricValues": []
  },
  {
    "frequency": "ONE_MIN",
    "metricId": 250472,
    "metricName": "BTM|BTs|BT:817|Component:192|Calls per Minute",
    "metricPath": "Business Transaction Performance|Business Transactions|Web-Tier-Services|_APPDYNAMICS_DEFAULT_TX_|Calls per Minute",
    "metricValues": []
  },
  {
    "frequency": "ONE_MIN",
    "metricId": 329919,
    "metricName": "BTM|BTs|BT:1003|Component:184|Calls per Minute",
    "metricPath": "Business Transaction Performance|Business Transactions|ECommerce-Services|ViewCart.address|Calls per Minute",
    "metricValues": []
  },
  {
    "frequency": "ONE_MIN",
    "metricId": 329938,
    "metricName": "BTM|BTs|BT:1005|Component:185|Calls per Minute",
    "metricPath": "Business Transaction Performance|Business Transactions|Inventory-Services|/cart/orderService|Calls per Minute",
    "metricValues": []
  },
  {
    "frequency": "ONE_MIN",
    "metricId": 326758,
    "metricName": "BTM|BTs|BT:976|Component:184|Calls per Minute",
    "metricPath": "Business Transaction Performance|Business Transactions|ECommerce-Services|/json/user/all.GET|Calls per Minute",
    "metricValues": []
  },
  {
    "frequency": "ONE_MIN",
    "metricId": 330239,
    "metricName": "BTM|BTs|BT:1014|Component:184|Calls per Minute",
    "metricPath": "Business Transaction Performance|Business Transactions|ECommerce-Services|Checkout|Calls per Minute",
    "metricValues": [
      {
        "count": 2,
        "current": 0,
        "max": 0,
        "min": 0,
        "occurrences": 0,
        "standardDeviation": 0,
        "startTimeInMillis": 1480691700000,
        "sum": 4,
        "useRange": false,
        "value": 4
      },
      {
        "count": 2,
        "current": 2,
        "max": 0,
        "min": 0,
        "occurrences": 0,
        "standardDeviation": 0,
        "startTimeInMillis": 1480691760000,
        "sum": 2,
        "useRange": false,
        "value": 2
      },
      {
        "count": 2,
        "current": 1,
        "max": 0,
        "min": 0,
        "occurrences": 0,
        "standardDeviation": 0,
        "startTimeInMillis": 1480691820000,
        "sum": 6,
        "useRange": false,
        "value": 6
      },
      {
        "count": 2,
        "current": 0,
        "max": 0,
        "min": 0,
        "occurrences": 0,
        "standardDeviation": 0,
        "startTimeInMillis": 1480691880000,
        "sum": 6,
        "useRange": false,
        "value": 6
      },
      {
        "count": 2,
        "current": 0,
        "max": 0,
        "min": 0,
        "occurrences": 0,
        "standardDeviation": 0,
        "startTimeInMillis": 1480691940000,
        "sum": 5,
        "useRange": false,
        "value": 5
      },
      {
        "count": 2,
        "current": 0,
        "max": 0,
        "min": 0,
        "occurrences": 0,
        "standardDeviation": 0,
        "startTimeInMillis": 1480692000000,
        "sum": 4,
        "useRange": false,
        "value": 4
      },
      {
        "count": 2,
        "current": 3,
        "max": 0,
        "min": 0,
        "occurrences": 0,
        "standardDeviation": 0,
        "startTimeInMillis": 1480692060000,
        "sum": 8,
        "useRange": false,
        "value": 8
      },
      {
        "count": 2,
        "current": 1,
        "max": 0,
        "min": 0,
        "occurrences": 0,
        "standardDeviation": 0,
        "startTimeInMillis": 1480692120000,
        "sum": 4,
        "useRange": false,
        "value": 4
      },
      {
        "count": 2,
        "current": 1,
        "max": 0,
        "min": 0,
        "occurrences": 0,
        "standardDeviation": 0,
        "startTimeInMillis": 1480692180000,
        "sum": 5,
        "useRange": false,
        "value": 5
      },
      {
        "count": 2,
        "current": 3,
        "max": 0,
        "min": 0,
        "occurrences": 0,
        "standardDeviation": 0,
        "startTimeInMillis": 1480692240000,
        "sum": 4,
        "useRange": false,
        "value": 4
      },
      {
        "count": 2,
        "current": 1,
        "max": 0,
        "min": 0,
        "occurrences": 0,
        "standardDeviation": 0,
        "startTimeInMillis": 1480692300000,
        "sum": 7,
        "useRange": false,
        "value": 7
      },
      {
        "count": 2,
        "current": 1,
        "max": 0,
        "min": 0,
        "occurrences": 0,
        "standardDeviation": 0,
        "startTimeInMillis": 1480692360000,
        "sum": 4,
        "useRange": false,
        "value": 4
      },
      {
        "count": 2,
        "current": 2,
        "max": 0,
        "min": 0,
        "occurrences": 0,
        "standardDeviation": 0,
        "startTimeInMillis": 1480692420000,
        "sum": 5,
        "useRange": false,
        "value": 5
      },
      {
        "count": 2,
        "current": 0,
        "max": 0,
        "min": 0,
        "occurrences": 0,
        "standardDeviation": 0,
        "startTimeInMillis": 1480692480000,
        "sum": 5,
        "useRange": false,
        "value": 5
      },
      {
        "count": 2,
        "current": 1,
        "max": 0,
        "min": 0,
        "occurrences": 0,
        "standardDeviation": 0,
        "startTimeInMillis": 1480692540000,
        "sum": 4,
        "useRange": false,
        "value": 4
      }
    ]
  },
  {
    "frequency": "ONE_MIN",
    "metricId": 330185,
    "metricName": "BTM|BTs|BT:1008|Component:184|Calls per Minute",
    "metricPath": "Business Transaction Performance|Business Transactions|ECommerce-Services|Homepage|Calls per Minute",
    "metricValues": [
      {
        "count": 2,
        "current": 8,
        "max": 0,
        "min": 0,
        "occurrences": 0,
        "standardDeviation": 0,
        "startTimeInMillis": 1480691700000,
        "sum": 13,
        "useRange": false,
        "value": 13
      },
      {
        "count": 2,
        "current": 8,
        "max": 0,
        "min": 0,
        "occurrences": 0,
        "standardDeviation": 0,
        "startTimeInMillis": 1480691760000,
        "sum": 13,
        "useRange": false,
        "value": 13
      },
      {
        "count": 2,
        "current": 6,
        "max": 0,
        "min": 0,
        "occurrences": 0,
        "standardDeviation": 0,
        "startTimeInMillis": 1480691820000,
        "sum": 12,
        "useRange": false,
        "value": 12
      },
      {
        "count": 2,
        "current": 6,
        "max": 0,
        "min": 0,
        "occurrences": 0,
        "standardDeviation": 0,
        "startTimeInMillis": 1480691880000,
        "sum": 11,
        "useRange": false,
        "value": 11
      },
      {
        "count": 2,
        "current": 8,
        "max": 0,
        "min": 0,
        "occurrences": 0,
        "standardDeviation": 0,
        "startTimeInMillis": 1480691940000,
        "sum": 14,
        "useRange": false,
        "value": 14
      },
      {
        "count": 2,
        "current": 8,
        "max": 0,
        "min": 0,
        "occurrences": 0,
        "standardDeviation": 0,
        "startTimeInMillis": 1480692000000,
        "sum": 13,
        "useRange": false,
        "value": 13
      },
      {
        "count": 2,
        "current": 8,
        "max": 0,
        "min": 0,
        "occurrences": 0,
        "standardDeviation": 0,
        "startTimeInMillis": 1480692060000,
        "sum": 15,
        "useRange": false,
        "value": 15
      },
      {
        "count": 2,
        "current": 6,
        "max": 0,
        "min": 0,
        "occurrences": 0,
        "standardDeviation": 0,
        "startTimeInMillis": 1480692120000,
        "sum": 12,
        "useRange": false,
        "value": 12
      },
      {
        "count": 2,
        "current": 10,
        "max": 0,
        "min": 0,
        "occurrences": 0,
        "standardDeviation": 0,
        "startTimeInMillis": 1480692180000,
        "sum": 13,
        "useRange": false,
        "value": 13
      },
      {
        "count": 2,
        "current": 6,
        "max": 0,
        "min": 0,
        "occurrences": 0,
        "standardDeviation": 0,
        "startTimeInMillis": 1480692240000,
        "sum": 13,
        "useRange": false,
        "value": 13
      },
      {
        "count": 2,
        "current": 8,
        "max": 0,
        "min": 0,
        "occurrences": 0,
        "standardDeviation": 0,
        "startTimeInMillis": 1480692300000,
        "sum": 14,
        "useRange": false,
        "value": 14
      },
      {
        "count": 2,
        "current": 11,
        "max": 0,
        "min": 0,
        "occurrences": 0,
        "standardDeviation": 0,
        "startTimeInMillis": 1480692360000,
        "sum": 16,
        "useRange": false,
        "value": 16
      },
      {
        "count": 2,
        "current": 6,
        "max": 0,
        "min": 0,
        "occurrences": 0,
        "standardDeviation": 0,
        "startTimeInMillis": 1480692420000,
        "sum": 14,
        "useRange": false,
        "value": 14
      },
      {
        "count": 2,
        "current": 8,
        "max": 0,
        "min": 0,
        "occurrences": 0,
        "standardDeviation": 0,
        "startTimeInMillis": 1480692480000,
        "sum": 13,
        "useRange": false,
        "value": 13
      },
      {
        "count": 2,
        "current": 7,
        "max": 0,
        "min": 0,
        "occurrences": 0,
        "standardDeviation": 0,
        "startTimeInMillis": 1480692540000,
        "sum": 12,
        "useRange": false,
        "value": 12
      }
    ]
  },
  {
    "frequency": "ONE_MIN",
    "metricId": 47659,
    "metricName": "BTM|BTs|BT:560|Component:184|Calls per Minute",
    "metricPath": "Business Transaction Performance|Business Transactions|ECommerce-Services|Checkout - Mobile|Calls per Minute",
    "metricValues": [
      {
        "count": 1,
        "current": 7,
        "max": 0,
        "min": 0,
        "occurrences": 0,
        "standardDeviation": 0,
        "startTimeInMillis": 1480691700000,
        "sum": 7,
        "useRange": false,
        "value": 7
      },
      {
        "count": 1,
        "current": 6,
        "max": 0,
        "min": 0,
        "occurrences": 0,
        "standardDeviation": 0,
        "startTimeInMillis": 1480691760000,
        "sum": 6,
        "useRange": false,
        "value": 6
      },
      {
        "count": 1,
        "current": 8,
        "max": 0,
        "min": 0,
        "occurrences": 0,
        "standardDeviation": 0,
        "startTimeInMillis": 1480691820000,
        "sum": 8,
        "useRange": false,
        "value": 8
      },
      {
        "count": 1,
        "current": 7,
        "max": 0,
        "min": 0,
        "occurrences": 0,
        "standardDeviation": 0,
        "startTimeInMillis": 1480691880000,
        "sum": 7,
        "useRange": false,
        "value": 7
      },
      {
        "count": 1,
        "current": 8,
        "max": 0,
        "min": 0,
        "occurrences": 0,
        "standardDeviation": 0,
        "startTimeInMillis": 1480691940000,
        "sum": 8,
        "useRange": false,
        "value": 8
      },
      {
        "count": 1,
        "current": 7,
        "max": 0,
        "min": 0,
        "occurrences": 0,
        "standardDeviation": 0,
        "startTimeInMillis": 1480692000000,
        "sum": 7,
        "useRange": false,
        "value": 7
      },
      {
        "count": 1,
        "current": 7,
        "max": 0,
        "min": 0,
        "occurrences": 0,
        "standardDeviation": 0,
        "startTimeInMillis": 1480692060000,
        "sum": 7,
        "useRange": false,
        "value": 7
      },
      {
        "count": 1,
        "current": 8,
        "max": 0,
        "min": 0,
        "occurrences": 0,
        "standardDeviation": 0,
        "startTimeInMillis": 1480692120000,
        "sum": 8,
        "useRange": false,
        "value": 8
      },
      {
        "count": 1,
        "current": 6,
        "max": 0,
        "min": 0,
        "occurrences": 0,
        "standardDeviation": 0,
        "startTimeInMillis": 1480692180000,
        "sum": 6,
        "useRange": false,
        "value": 6
      },
      {
        "count": 1,
        "current": 8,
        "max": 0,
        "min": 0,
        "occurrences": 0,
        "standardDeviation": 0,
        "startTimeInMillis": 1480692240000,
        "sum": 8,
        "useRange": false,
        "value": 8
      },
      {
        "count": 1,
        "current": 7,
        "max": 0,
        "min": 0,
        "occurrences": 0,
        "standardDeviation": 0,
        "startTimeInMillis": 1480692300000,
        "sum": 7,
        "useRange": false,
        "value": 7
      },
      {
        "count": 1,
        "current": 7,
        "max": 0,
        "min": 0,
        "occurrences": 0,
        "standardDeviation": 0,
        "startTimeInMillis": 1480692360000,
        "sum": 7,
        "useRange": false,
        "value": 7
      },
      {
        "count": 1,
        "current": 6,
        "max": 0,
        "min": 0,
        "occurrences": 0,
        "standardDeviation": 0,
        "startTimeInMillis": 1480692420000,
        "sum": 6,
        "useRange": false,
        "value": 6
      },
      {
        "count": 1,
        "current": 8,
        "max": 0,
        "min": 0,
        "occurrences": 0,
        "standardDeviation": 0,
        "startTimeInMillis": 1480692480000,
        "sum": 8,
        "useRange": false,
        "value": 8
      },
      {
        "count": 1,
        "current": 7,
        "max": 0,
        "min": 0,
        "occurrences": 0,
        "standardDeviation": 0,
        "startTimeInMillis": 1480692540000,
        "sum": 7,
        "useRange": false,
        "value": 7
      }
    ]
  },
  {
    "frequency": "ONE_MIN",
    "metricId": 47212,
    "metricName": "BTM|BTs|BT:553|Component:192|Calls per Minute",
    "metricPath": "Business Transaction Performance|Business Transactions|Web-Tier-Services|Login|Calls per Minute",
    "metricValues": [
      {
        "count": 1,
        "current": 7,
        "max": 0,
        "min": 0,
        "occurrences": 0,
        "standardDeviation": 0,
        "startTimeInMillis": 1480691700000,
        "sum": 7,
        "useRange": false,
        "value": 7
      },
      {
        "count": 1,
        "current": 9,
        "max": 0,
        "min": 0,
        "occurrences": 0,
        "standardDeviation": 0,
        "startTimeInMillis": 1480691760000,
        "sum": 9,
        "useRange": false,
        "value": 9
      },
      {
        "count": 1,
        "current": 5,
        "max": 0,
        "min": 0,
        "occurrences": 0,
        "standardDeviation": 0,
        "startTimeInMillis": 1480691820000,
        "sum": 5,
        "useRange": false,
        "value": 5
      },
      {
        "count": 1,
        "current": 4,
        "max": 0,
        "min": 0,
        "occurrences": 0,
        "standardDeviation": 0,
        "startTimeInMillis": 1480691880000,
        "sum": 4,
        "useRange": false,
        "value": 4
      },
      {
        "count": 1,
        "current": 7,
        "max": 0,
        "min": 0,
        "occurrences": 0,
        "standardDeviation": 0,
        "startTimeInMillis": 1480691940000,
        "sum": 7,
        "useRange": false,
        "value": 7
      },
      {
        "count": 1,
        "current": 6,
        "max": 0,
        "min": 0,
        "occurrences": 0,
        "standardDeviation": 0,
        "startTimeInMillis": 1480692000000,
        "sum": 6,
        "useRange": false,
        "value": 6
      },
      {
        "count": 1,
        "current": 9,
        "max": 0,
        "min": 0,
        "occurrences": 0,
        "standardDeviation": 0,
        "startTimeInMillis": 1480692060000,
        "sum": 9,
        "useRange": false,
        "value": 9
      },
      {
        "count": 1,
        "current": 8,
        "max": 0,
        "min": 0,
        "occurrences": 0,
        "standardDeviation": 0,
        "startTimeInMillis": 1480692120000,
        "sum": 8,
        "useRange": false,
        "value": 8
      },
      {
        "count": 1,
        "current": 7,
        "max": 0,
        "min": 0,
        "occurrences": 0,
        "standardDeviation": 0,
        "startTimeInMillis": 1480692180000,
        "sum": 7,
        "useRange": false,
        "value": 7
      },
      {
        "count": 1,
        "current": 8,
        "max": 0,
        "min": 0,
        "occurrences": 0,
        "standardDeviation": 0,
        "startTimeInMillis": 1480692240000,
        "sum": 8,
        "useRange": false,
        "value": 8
      },
      {
        "count": 1,
        "current": 8,
        "max": 0,
        "min": 0,
        "occurrences": 0,
        "standardDeviation": 0,
        "startTimeInMillis": 1480692300000,
        "sum": 8,
        "useRange": false,
        "value": 8
      },
      {
        "count": 1,
        "current": 5,
        "max": 0,
        "min": 0,
        "occurrences": 0,
        "standardDeviation": 0,
        "startTimeInMillis": 1480692360000,
        "sum": 5,
        "useRange": false,
        "value": 5
      },
      {
        "count": 1,
        "current": 9,
        "max": 0,
        "min": 0,
        "occurrences": 0,
        "standardDeviation": 0,
        "startTimeInMillis": 1480692420000,
        "sum": 9,
        "useRange": false,
        "value": 9
      },
      {
        "count": 1,
        "current": 7,
        "max": 0,
        "min": 0,
        "occurrences": 0,
        "standardDeviation": 0,
        "startTimeInMillis": 1480692480000,
        "sum": 7,
        "useRange": false,
        "value": 7
      },
      {
        "count": 1,
        "current": 9,
        "max": 0,
        "min": 0,
        "occurrences": 0,
        "standardDeviation": 0,
        "startTimeInMillis": 1480692540000,
        "sum": 9,
        "useRange": false,
        "value": 9
      }
    ]
  },
  {
    "frequency": "ONE_MIN",
    "metricId": 330221,
    "metricName": "BTM|BTs|BT:1012|Component:184|Calls per Minute",
    "metricPath": "Business Transaction Performance|Business Transactions|ECommerce-Services|Confirm Order|Calls per Minute",
    "metricValues": [
      {
        "count": 2,
        "current": 1,
        "max": 0,
        "min": 0,
        "occurrences": 0,
        "standardDeviation": 0,
        "startTimeInMillis": 1480691700000,
        "sum": 5,
        "useRange": false,
        "value": 5
      },
      {
        "count": 2,
        "current": 1,
        "max": 0,
        "min": 0,
        "occurrences": 0,
        "standardDeviation": 0,
        "startTimeInMillis": 1480691760000,
        "sum": 6,
        "useRange": false,
        "value": 6
      },
      {
        "count": 2,
        "current": 0,
        "max": 0,
        "min": 0,
        "occurrences": 0,
        "standardDeviation": 0,
        "startTimeInMillis": 1480691820000,
        "sum": 4,
        "useRange": false,
        "value": 4
      },
      {
        "count": 2,
        "current": 0,
        "max": 0,
        "min": 0,
        "occurrences": 0,
        "standardDeviation": 0,
        "startTimeInMillis": 1480691880000,
        "sum": 5,
        "useRange": false,
        "value": 5
      },
      {
        "count": 2,
        "current": 0,
        "max": 0,
        "min": 0,
        "occurrences": 0,
        "standardDeviation": 0,
        "startTimeInMillis": 1480691940000,
        "sum": 5,
        "useRange": false,
        "value": 5
      },
      {
        "count": 2,
        "current": 0,
        "max": 0,
        "min": 0,
        "occurrences": 0,
        "standardDeviation": 0,
        "startTimeInMillis": 1480692000000,
        "sum": 6,
        "useRange": false,
        "value": 6
      },
      {
        "count": 2,
        "current": 2,
        "max": 0,
        "min": 0,
        "occurrences": 0,
        "standardDeviation": 0,
        "startTimeInMillis": 1480692060000,
        "sum": 6,
        "useRange": false,
        "value": 6
      },
      {
        "count": 2,
        "current": 1,
        "max": 0,
        "min": 0,
        "occurrences": 0,
        "standardDeviation": 0,
        "startTimeInMillis": 1480692120000,
        "sum": 6,
        "useRange": false,
        "value": 6
      },
      {
        "count": 2,
        "current": 2,
        "max": 0,
        "min": 0,
        "occurrences": 0,
        "standardDeviation": 0,
        "startTimeInMillis": 1480692180000,
        "sum": 7,
        "useRange": false,
        "value": 7
      },
      {
        "count": 2,
        "current": 2,
        "max": 0,
        "min": 0,
        "occurrences": 0,
        "standardDeviation": 0,
        "startTimeInMillis": 1480692240000,
        "sum": 6,
        "useRange": false,
        "value": 6
      },
      {
        "count": 2,
        "current": 1,
        "max": 0,
        "min": 0,
        "occurrences": 0,
        "standardDeviation": 0,
        "startTimeInMillis": 1480692300000,
        "sum": 6,
        "useRange": false,
        "value": 6
      },
      {
        "count": 2,
        "current": 1,
        "max": 0,
        "min": 0,
        "occurrences": 0,
        "standardDeviation": 0,
        "startTimeInMillis": 1480692360000,
        "sum": 4,
        "useRange": false,
        "value": 4
      },
      {
        "count": 2,
        "current": 1,
        "max": 0,
        "min": 0,
        "occurrences": 0,
        "standardDeviation": 0,
        "startTimeInMillis": 1480692420000,
        "sum": 6,
        "useRange": false,
        "value": 6
      },
      {
        "count": 2,
        "current": 1,
        "max": 0,
        "min": 0,
        "occurrences": 0,
        "standardDeviation": 0,
        "startTimeInMillis": 1480692480000,
        "sum": 6,
        "useRange": false,
        "value": 6
      },
      {
        "count": 2,
        "current": 2,
        "max": 0,
        "min": 0,
        "occurrences": 0,
        "standardDeviation": 0,
        "startTimeInMillis": 1480692540000,
        "sum": 7,
        "useRange": false,
        "value": 7
      }
    ]
  },
  {
    "frequency": "ONE_MIN",
    "metricId": 329928,
    "metricName": "BTM|BTs|BT:1004|Component:184|Calls per Minute",
    "metricPath": "Business Transaction Performance|Business Transactions|ECommerce-Services|/appdynamicspilot/WEB-INF|Calls per Minute",
    "metricValues": []
  }
]
