[
  {
    "frequency": "ONE_MIN",
    "metricPath": "Business Transaction Performance|Business Transactions|Web-Tier-Services|User Logout|Calls per Minute",
    "metricValues": [
      {
        "startTimeInMillis": 1481121420000,
        "d": "Wed Dec 07 09:37:00 EST 2016",
        "value": 5,
        "count": 5,
        "sum": 5,
        "min": 0,
        "max": 0
      },
      {
        "startTimeInMillis": 1481121480000,
        "d": "Wed Dec 07 09:38:00 EST 2016",
        "value": 5,
        "count": 5,
        "sum": 5,
        "min": 0,
        "max": 0
      },
      {
        "startTimeInMillis": 1481121540000,
        "d": "Wed Dec 07 09:39:00 EST 2016",
        "value": 5,
        "count": 5,
        "sum": 5,
        "min": 0,
        "max": 0
      },
      {
        "startTimeInMillis": 1481121600000,
        "d": "Wed Dec 07 09:40:00 EST 2016",
        "value": 5,
        "count": 5,
        "sum": 5,
        "min": 0,
        "max": 0
      },
      {
        "startTimeInMillis": 1481121660000,
        "d": "Wed Dec 07 09:41:00 EST 2016",
        "value": 5,
        "count": 5,
        "sum": 5,
        "min": 0,
        "max": 0
      },
      {
        "startTimeInMillis": 1481121720000,
        "d": "Wed Dec 07 09:42:00 EST 2016",
        "value": 5,
        "count": 5,
        "sum": 5,
        "min": 0,
        "max": 0
      },
      {
        "startTimeInMillis": 1481121780000,
        "d": "Wed Dec 07 09:43:00 EST 2016",
        "value": 5,
        "count": 5,
        "sum": 5,
        "min": 0,
        "max": 0
      },
      {
        "startTimeInMillis": 1481121840000,
        "d": "Wed Dec 07 09:44:00 EST 2016",
        "value": 6,
        "count": 5,
        "sum": 6,
        "min": 0,
        "max": 0
      },
      {
        "startTimeInMillis": 1481121900000,
        "d": "Wed Dec 07 09:45:00 EST 2016",
        "value": 5,
        "count": 5,
        "sum": 5,
        "min": 0,
        "max": 0
      },
      {
        "startTimeInMillis": 1481121960000,
        "d": "Wed Dec 07 09:46:00 EST 2016",
        "value": 6,
        "count": 5,
        "sum": 6,
        "min": 0,
        "max": 0
      },
      {
        "startTimeInMillis": 1481122020000,
        "d": "Wed Dec 07 09:47:00 EST 2016",
        "value": 5,
        "count": 5,
        "sum": 5,
        "min": 0,
        "max": 0
      },
      {
        "startTimeInMillis": 1481122080000,
        "d": "Wed Dec 07 09:48:00 EST 2016",
        "value": 4,
        "count": 5,
        "sum": 4,
        "min": 0,
        "max": 0
      },
      {
        "startTimeInMillis": 1481122140000,
        "d": "Wed Dec 07 09:49:00 EST 2016",
        "value": 4,
        "count": 5,
        "sum": 4,
        "min": 0,
        "max": 0
      },
      {
        "startTimeInMillis": 1481122200000,
        "d": "Wed Dec 07 09:50:00 EST 2016",
        "value": 4,
        "count": 5,
        "sum": 4,
        "min": 0,
        "max": 0
      },
      {
        "startTimeInMillis": 1481122260000,
        "d": "Wed Dec 07 09:51:00 EST 2016",
        "value": 4,
        "count": 5,
        "sum": 4,
        "min": 0,
        "max": 0
      }
    ]
  },
  {
    "frequency": "ONE_MIN",
    "metricPath": "Business Transaction Performance|Business Transactions|Web-Tier-Services|User Login|Calls per Minute",
    "metricValues": [
      {
        "startTimeInMillis": 1481121420000,
        "d": "Wed Dec 07 09:37:00 EST 2016",
        "value": 4,
        "count": 5,
        "sum": 4,
        "min": 0,
        "max": 0
      },
      {
        "startTimeInMillis": 1481121480000,
        "d": "Wed Dec 07 09:38:00 EST 2016",
        "value": 4,
        "count": 5,
        "sum": 4,
        "min": 0,
        "max": 0
      },
      {
        "startTimeInMillis": 1481121540000,
        "d": "Wed Dec 07 09:39:00 EST 2016",
        "value": 4,
        "count": 5,
        "sum": 4,
        "min": 0,
        "max": 0
      },
      {
        "startTimeInMillis": 1481121600000,
        "d": "Wed Dec 07 09:40:00 EST 2016",
        "value": 4,
        "count": 5,
        "sum": 4,
        "min": 0,
        "max": 0
      },
      {
        "startTimeInMillis": 1481121660000,
        "d": "Wed Dec 07 09:41:00 EST 2016",
        "value": 5,
        "count": 5,
        "sum": 5,
        "min": 0,
        "max": 0
      },
      {
        "startTimeInMillis": 1481121720000,
        "d": "Wed Dec 07 09:42:00 EST 2016",
        "value": 6,
        "count": 5,
        "sum": 6,
        "min": 0,
        "max": 0
      },
      {
        "startTimeInMillis": 1481121780000,
        "d": "Wed Dec 07 09:43:00 EST 2016",
        "value": 6,
        "count": 5,
        "sum": 6,
        "min": 0,
        "max": 0
      },
      {
        "startTimeInMillis": 1481121840000,
        "d": "Wed Dec 07 09:44:00 EST 2016",
        "value": 6,
        "count": 5,
        "sum": 6,
        "min": 0,
        "max": 0
      },
      {
        "startTimeInMillis": 1481121900000,
        "d": "Wed Dec 07 09:45:00 EST 2016",
        "value": 6,
        "count": 5,
        "sum": 6,
        "min": 0,
        "max": 0
      },
      {
        "startTimeInMillis": 1481121960000,
        "d": "Wed Dec 07 09:46:00 EST 2016",
        "value": 5,
        "count": 5,
        "sum": 5,
        "min": 0,
        "max": 0
      },
      {
        "startTimeInMillis": 1481122140000,
        "d": "Wed Dec 07 09:49:00 EST 2016",
        "value": 10,
        "count": 5,
        "sum": 5,
        "min": 0,
        "max": 0
      },
      {
        "startTimeInMillis": 1481122200000,
        "d": "Wed Dec 07 09:50:00 EST 2016",
        "value": 12,
        "count": 5,
        "sum": 6,
        "min": 0,
        "max": 0
      },
      {
        "startTimeInMillis": 1481122260000,
        "d": "Wed Dec 07 09:51:00 EST 2016",
        "value": 16,
        "count": 5,
        "sum": 5,
        "min": 0,
        "max": 0
      }
    ]
  }
]
