[
  {
    "frequency": "ONE_MIN",
    "metricId": 44288,
    "metricName": "BTM|Application Summary|Component:191|Calls per Minute",
    "metricPath": "Overall Application Performance|Order-Processing-Services|Individual Nodes|ECommerce_JMS_NODE|Calls per Minute",
    "metricValues":     [
      {
        "count": 1,
        "current": 115,
        "max": 115,
        "min": 115,
        "occurrences": 0,
        "standardDeviation": 0,
        "startTimeInMillis": 1465352400000,
        "sum": 115,
        "useRange": true,
        "value": 115
      },
      {
        "count": 1,
        "current": 14,
        "max": 14,
        "min": 14,
        "occurrences": 0,
        "standardDeviation": 0,
        "startTimeInMillis": 1465352460000,
        "sum": 14,
        "useRange": true,
        "value": 14
      },
      {
        "count": 1,
        "current": 13,
        "max": 13,
        "min": 13,
        "occurrences": 0,
        "standardDeviation": 0,
        "startTimeInMillis": 1465352520000,
        "sum": 13,
        "useRange": true,
        "value": 13
      },
      {
        "count": 1,
        "current": 14,
        "max": 14,
        "min": 14,
        "occurrences": 0,
        "standardDeviation": 0,
        "startTimeInMillis": 1465352580000,
        "sum": 14,
        "useRange": true,
        "value": 14
      },
      {
        "count": 1,
        "current": 14,
        "max": 14,
        "min": 14,
        "occurrences": 0,
        "standardDeviation": 0,
        "startTimeInMillis": 1465352640000,
        "sum": 14,
        "useRange": true,
        "value": 14
      },
      {
        "count": 1,
        "current": 12,
        "max": 12,
        "min": 12,
        "occurrences": 0,
        "standardDeviation": 0,
        "startTimeInMillis": 1465352700000,
        "sum": 12,
        "useRange": true,
        "value": 12
      },
      {
        "count": 1,
        "current": 14,
        "max": 14,
        "min": 14,
        "occurrences": 0,
        "standardDeviation": 0,
        "startTimeInMillis": 1465352760000,
        "sum": 14,
        "useRange": true,
        "value": 14
      },
      {
        "count": 1,
        "current": 14,
        "max": 14,
        "min": 14,
        "occurrences": 0,
        "standardDeviation": 0,
        "startTimeInMillis": 1465352820000,
        "sum": 14,
        "useRange": true,
        "value": 14
      },
      {
        "count": 1,
        "current": 14,
        "max": 14,
        "min": 14,
        "occurrences": 0,
        "standardDeviation": 0,
        "startTimeInMillis": 1465352880000,
        "sum": 14,
        "useRange": true,
        "value": 14
      },
      {
        "count": 1,
        "current": 14,
        "max": 14,
        "min": 14,
        "occurrences": 0,
        "standardDeviation": 0,
        "startTimeInMillis": 1465352940000,
        "sum": 14,
        "useRange": true,
        "value": 14
      },
      {
        "count": 1,
        "current": 13,
        "max": 13,
        "min": 13,
        "occurrences": 0,
        "standardDeviation": 0,
        "startTimeInMillis": 1465353000000,
        "sum": 13,
        "useRange": true,
        "value": 13
      },
      {
        "count": 1,
        "current": 13,
        "max": 13,
        "min": 13,
        "occurrences": 0,
        "standardDeviation": 0,
        "startTimeInMillis": 1465353060000,
        "sum": 13,
        "useRange": true,
        "value": 13
      },
      {
        "count": 1,
        "current": 15,
        "max": 15,
        "min": 15,
        "occurrences": 0,
        "standardDeviation": 0,
        "startTimeInMillis": 1465353120000,
        "sum": 15,
        "useRange": true,
        "value": 15
      },
      {
        "count": 1,
        "current": 15,
        "max": 15,
        "min": 15,
        "occurrences": 0,
        "standardDeviation": 0,
        "startTimeInMillis": 1465353180000,
        "sum": 15,
        "useRange": true,
        "value": 15
      },
      {
        "count": 1,
        "current": 15,
        "max": 15,
        "min": 15,
        "occurrences": 0,
        "standardDeviation": 0,
        "startTimeInMillis": 1465353240000,
        "sum": 15,
        "useRange": true,
        "value": 15
      }
    ]
  },
  {
    "frequency": "ONE_MIN",
    "metricId": 43803,
    "metricName": "BTM|Application Summary|Component:184|Calls per Minute",
    "metricPath": "Overall Application Performance|ECommerce-Services|Individual Nodes|ECommerce_WEB1_NODE|Calls per Minute",
    "metricValues":     [
      {
        "count": 1,
        "current": 32,
        "max": 32,
        "min": 32,
        "occurrences": 0,
        "standardDeviation": 0,
        "startTimeInMillis": 1465352400000,
        "sum": 32,
        "useRange": true,
        "value": 32
      },
      {
        "count": 1,
        "current": 50,
        "max": 50,
        "min": 50,
        "occurrences": 0,
        "standardDeviation": 0,
        "startTimeInMillis": 1465352460000,
        "sum": 50,
        "useRange": true,
        "value": 50
      },
      {
        "count": 1,
        "current": 34,
        "max": 34,
        "min": 34,
        "occurrences": 0,
        "standardDeviation": 0,
        "startTimeInMillis": 1465352520000,
        "sum": 34,
        "useRange": true,
        "value": 34
      },
      {
        "count": 1,
        "current": 46,
        "max": 46,
        "min": 46,
        "occurrences": 0,
        "standardDeviation": 0,
        "startTimeInMillis": 1465352580000,
        "sum": 46,
        "useRange": true,
        "value": 46
      },
      {
        "count": 1,
        "current": 57,
        "max": 57,
        "min": 57,
        "occurrences": 0,
        "standardDeviation": 0,
        "startTimeInMillis": 1465352640000,
        "sum": 57,
        "useRange": true,
        "value": 57
      },
      {
        "count": 1,
        "current": 46,
        "max": 46,
        "min": 46,
        "occurrences": 0,
        "standardDeviation": 0,
        "startTimeInMillis": 1465352700000,
        "sum": 46,
        "useRange": true,
        "value": 46
      },
      {
        "count": 1,
        "current": 63,
        "max": 63,
        "min": 63,
        "occurrences": 0,
        "standardDeviation": 0,
        "startTimeInMillis": 1465352760000,
        "sum": 63,
        "useRange": true,
        "value": 63
      },
      {
        "count": 1,
        "current": 27,
        "max": 27,
        "min": 27,
        "occurrences": 0,
        "standardDeviation": 0,
        "startTimeInMillis": 1465352820000,
        "sum": 27,
        "useRange": true,
        "value": 27
      },
      {
        "count": 1,
        "current": 46,
        "max": 46,
        "min": 46,
        "occurrences": 0,
        "standardDeviation": 0,
        "startTimeInMillis": 1465352880000,
        "sum": 46,
        "useRange": true,
        "value": 46
      },
      {
        "count": 1,
        "current": 34,
        "max": 34,
        "min": 34,
        "occurrences": 0,
        "standardDeviation": 0,
        "startTimeInMillis": 1465352940000,
        "sum": 34,
        "useRange": true,
        "value": 34
      },
      {
        "count": 1,
        "current": 53,
        "max": 53,
        "min": 53,
        "occurrences": 0,
        "standardDeviation": 0,
        "startTimeInMillis": 1465353000000,
        "sum": 53,
        "useRange": true,
        "value": 53
      },
      {
        "count": 1,
        "current": 34,
        "max": 34,
        "min": 34,
        "occurrences": 0,
        "standardDeviation": 0,
        "startTimeInMillis": 1465353060000,
        "sum": 34,
        "useRange": true,
        "value": 34
      },
      {
        "count": 1,
        "current": 31,
        "max": 31,
        "min": 31,
        "occurrences": 0,
        "standardDeviation": 0,
        "startTimeInMillis": 1465353120000,
        "sum": 31,
        "useRange": true,
        "value": 31
      },
      {
        "count": 1,
        "current": 50,
        "max": 50,
        "min": 50,
        "occurrences": 0,
        "standardDeviation": 0,
        "startTimeInMillis": 1465353180000,
        "sum": 50,
        "useRange": true,
        "value": 50
      },
      {
        "count": 1,
        "current": 34,
        "max": 34,
        "min": 34,
        "occurrences": 0,
        "standardDeviation": 0,
        "startTimeInMillis": 1465353240000,
        "sum": 34,
        "useRange": true,
        "value": 34
      }
    ]
  },
  {
    "frequency": "ONE_MIN",
    "metricId": 43875,
    "metricName": "BTM|Application Summary|Component:192|Calls per Minute",
    "metricPath": "Overall Application Performance|Web-Tier-Services|Individual Nodes|ECommerce-Apache|Calls per Minute",
    "metricValues":     [
      {
        "count": 1,
        "current": 14,
        "max": 14,
        "min": 14,
        "occurrences": 0,
        "standardDeviation": 0,
        "startTimeInMillis": 1465352400000,
        "sum": 14,
        "useRange": true,
        "value": 14
      },
      {
        "count": 1,
        "current": 13,
        "max": 13,
        "min": 13,
        "occurrences": 0,
        "standardDeviation": 0,
        "startTimeInMillis": 1465352460000,
        "sum": 13,
        "useRange": true,
        "value": 13
      },
      {
        "count": 1,
        "current": 15,
        "max": 15,
        "min": 15,
        "occurrences": 0,
        "standardDeviation": 0,
        "startTimeInMillis": 1465352520000,
        "sum": 15,
        "useRange": true,
        "value": 15
      },
      {
        "count": 1,
        "current": 14,
        "max": 14,
        "min": 14,
        "occurrences": 0,
        "standardDeviation": 0,
        "startTimeInMillis": 1465352580000,
        "sum": 14,
        "useRange": true,
        "value": 14
      },
      {
        "count": 1,
        "current": 15,
        "max": 15,
        "min": 15,
        "occurrences": 0,
        "standardDeviation": 0,
        "startTimeInMillis": 1465352640000,
        "sum": 15,
        "useRange": true,
        "value": 15
      },
      {
        "count": 1,
        "current": 12,
        "max": 12,
        "min": 12,
        "occurrences": 0,
        "standardDeviation": 0,
        "startTimeInMillis": 1465352700000,
        "sum": 12,
        "useRange": true,
        "value": 12
      },
      {
        "count": 1,
        "current": 13,
        "max": 13,
        "min": 13,
        "occurrences": 0,
        "standardDeviation": 0,
        "startTimeInMillis": 1465352760000,
        "sum": 13,
        "useRange": true,
        "value": 13
      },
      {
        "count": 1,
        "current": 14,
        "max": 14,
        "min": 14,
        "occurrences": 0,
        "standardDeviation": 0,
        "startTimeInMillis": 1465352820000,
        "sum": 14,
        "useRange": true,
        "value": 14
      },
      {
        "count": 1,
        "current": 13,
        "max": 13,
        "min": 13,
        "occurrences": 0,
        "standardDeviation": 0,
        "startTimeInMillis": 1465352880000,
        "sum": 13,
        "useRange": true,
        "value": 13
      },
      {
        "count": 1,
        "current": 16,
        "max": 16,
        "min": 16,
        "occurrences": 0,
        "standardDeviation": 0,
        "startTimeInMillis": 1465352940000,
        "sum": 16,
        "useRange": true,
        "value": 16
      },
      {
        "count": 1,
        "current": 16,
        "max": 16,
        "min": 16,
        "occurrences": 0,
        "standardDeviation": 0,
        "startTimeInMillis": 1465353000000,
        "sum": 16,
        "useRange": true,
        "value": 16
      },
      {
        "count": 1,
        "current": 12,
        "max": 12,
        "min": 12,
        "occurrences": 0,
        "standardDeviation": 0,
        "startTimeInMillis": 1465353060000,
        "sum": 12,
        "useRange": true,
        "value": 12
      },
      {
        "count": 1,
        "current": 13,
        "max": 13,
        "min": 13,
        "occurrences": 0,
        "standardDeviation": 0,
        "startTimeInMillis": 1465353120000,
        "sum": 13,
        "useRange": true,
        "value": 13
      },
      {
        "count": 1,
        "current": 15,
        "max": 15,
        "min": 15,
        "occurrences": 0,
        "standardDeviation": 0,
        "startTimeInMillis": 1465353180000,
        "sum": 15,
        "useRange": true,
        "value": 15
      },
      {
        "count": 1,
        "current": 13,
        "max": 13,
        "min": 13,
        "occurrences": 0,
        "standardDeviation": 0,
        "startTimeInMillis": 1465353240000,
        "sum": 13,
        "useRange": true,
        "value": 13
      }
    ]
  },
  {
    "frequency": "ONE_MIN",
    "metricId": 44370,
    "metricName": "BTM|Application Summary|Component:185|Calls per Minute",
    "metricPath": "Overall Application Performance|Inventory-Services|Individual Nodes|ECommerce_WS_NODE|Calls per Minute",
    "metricValues":     [
      {
        "count": 1,
        "current": 231,
        "max": 231,
        "min": 231,
        "occurrences": 0,
        "standardDeviation": 0,
        "startTimeInMillis": 1465352400000,
        "sum": 231,
        "useRange": true,
        "value": 231
      },
      {
        "count": 1,
        "current": 90,
        "max": 90,
        "min": 90,
        "occurrences": 0,
        "standardDeviation": 0,
        "startTimeInMillis": 1465352460000,
        "sum": 90,
        "useRange": true,
        "value": 90
      },
      {
        "count": 1,
        "current": 195,
        "max": 195,
        "min": 195,
        "occurrences": 0,
        "standardDeviation": 0,
        "startTimeInMillis": 1465352520000,
        "sum": 195,
        "useRange": true,
        "value": 195
      },
      {
        "count": 1,
        "current": 207,
        "max": 207,
        "min": 207,
        "occurrences": 0,
        "standardDeviation": 0,
        "startTimeInMillis": 1465352580000,
        "sum": 207,
        "useRange": true,
        "value": 207
      },
      {
        "count": 1,
        "current": 135,
        "max": 135,
        "min": 135,
        "occurrences": 0,
        "standardDeviation": 0,
        "startTimeInMillis": 1465352640000,
        "sum": 135,
        "useRange": true,
        "value": 135
      },
      {
        "count": 1,
        "current": 69,
        "max": 69,
        "min": 69,
        "occurrences": 0,
        "standardDeviation": 0,
        "startTimeInMillis": 1465352700000,
        "sum": 69,
        "useRange": true,
        "value": 69
      },
      {
        "count": 1,
        "current": 147,
        "max": 147,
        "min": 147,
        "occurrences": 0,
        "standardDeviation": 0,
        "startTimeInMillis": 1465352760000,
        "sum": 147,
        "useRange": true,
        "value": 147
      },
      {
        "count": 1,
        "current": 153,
        "max": 153,
        "min": 153,
        "occurrences": 0,
        "standardDeviation": 0,
        "startTimeInMillis": 1465352820000,
        "sum": 153,
        "useRange": true,
        "value": 153
      },
      {
        "count": 1,
        "current": 108,
        "max": 108,
        "min": 108,
        "occurrences": 0,
        "standardDeviation": 0,
        "startTimeInMillis": 1465352880000,
        "sum": 108,
        "useRange": true,
        "value": 108
      },
      {
        "count": 1,
        "current": 99,
        "max": 99,
        "min": 99,
        "occurrences": 0,
        "standardDeviation": 0,
        "startTimeInMillis": 1465352940000,
        "sum": 99,
        "useRange": true,
        "value": 99
      },
      {
        "count": 1,
        "current": 225,
        "max": 225,
        "min": 225,
        "occurrences": 0,
        "standardDeviation": 0,
        "startTimeInMillis": 1465353000000,
        "sum": 225,
        "useRange": true,
        "value": 225
      },
      {
        "count": 1,
        "current": 147,
        "max": 147,
        "min": 147,
        "occurrences": 0,
        "standardDeviation": 0,
        "startTimeInMillis": 1465353060000,
        "sum": 147,
        "useRange": true,
        "value": 147
      },
      {
        "count": 1,
        "current": 81,
        "max": 81,
        "min": 81,
        "occurrences": 0,
        "standardDeviation": 0,
        "startTimeInMillis": 1465353120000,
        "sum": 81,
        "useRange": true,
        "value": 81
      },
      {
        "count": 1,
        "current": 161,
        "max": 161,
        "min": 161,
        "occurrences": 0,
        "standardDeviation": 0,
        "startTimeInMillis": 1465353180000,
        "sum": 161,
        "useRange": true,
        "value": 161
      },
      {
        "count": 1,
        "current": 130,
        "max": 130,
        "min": 130,
        "occurrences": 0,
        "standardDeviation": 0,
        "startTimeInMillis": 1465353240000,
        "sum": 130,
        "useRange": true,
        "value": 130
      }
    ]
  },
  {
    "frequency": "ONE_MIN",
    "metricId": 43803,
    "metricName": "BTM|Application Summary|Component:184|Calls per Minute",
    "metricPath": "Overall Application Performance|ECommerce-Services|Individual Nodes|ECommerce_WEB2_NODE|Calls per Minute",
    "metricValues":     [
      {
        "count": 1,
        "current": 65,
        "max": 65,
        "min": 65,
        "occurrences": 0,
        "standardDeviation": 0,
        "startTimeInMillis": 1465352400000,
        "sum": 65,
        "useRange": true,
        "value": 65
      },
      {
        "count": 1,
        "current": 66,
        "max": 66,
        "min": 66,
        "occurrences": 0,
        "standardDeviation": 0,
        "startTimeInMillis": 1465352460000,
        "sum": 66,
        "useRange": true,
        "value": 66
      },
      {
        "count": 1,
        "current": 60,
        "max": 60,
        "min": 60,
        "occurrences": 0,
        "standardDeviation": 0,
        "startTimeInMillis": 1465352520000,
        "sum": 60,
        "useRange": true,
        "value": 60
      },
      {
        "count": 1,
        "current": 60,
        "max": 60,
        "min": 60,
        "occurrences": 0,
        "standardDeviation": 0,
        "startTimeInMillis": 1465352580000,
        "sum": 60,
        "useRange": true,
        "value": 60
      },
      {
        "count": 1,
        "current": 39,
        "max": 39,
        "min": 39,
        "occurrences": 0,
        "standardDeviation": 0,
        "startTimeInMillis": 1465352640000,
        "sum": 39,
        "useRange": true,
        "value": 39
      },
      {
        "count": 1,
        "current": 53,
        "max": 53,
        "min": 53,
        "occurrences": 0,
        "standardDeviation": 0,
        "startTimeInMillis": 1465352700000,
        "sum": 53,
        "useRange": true,
        "value": 53
      },
      {
        "count": 1,
        "current": 40,
        "max": 40,
        "min": 40,
        "occurrences": 0,
        "standardDeviation": 0,
        "startTimeInMillis": 1465352760000,
        "sum": 40,
        "useRange": true,
        "value": 40
      },
      {
        "count": 1,
        "current": 62,
        "max": 62,
        "min": 62,
        "occurrences": 0,
        "standardDeviation": 0,
        "startTimeInMillis": 1465352820000,
        "sum": 62,
        "useRange": true,
        "value": 62
      },
      {
        "count": 1,
        "current": 56,
        "max": 56,
        "min": 56,
        "occurrences": 0,
        "standardDeviation": 0,
        "startTimeInMillis": 1465352880000,
        "sum": 56,
        "useRange": true,
        "value": 56
      },
      {
        "count": 1,
        "current": 54,
        "max": 54,
        "min": 54,
        "occurrences": 0,
        "standardDeviation": 0,
        "startTimeInMillis": 1465352940000,
        "sum": 54,
        "useRange": true,
        "value": 54
      },
      {
        "count": 1,
        "current": 58,
        "max": 58,
        "min": 58,
        "occurrences": 0,
        "standardDeviation": 0,
        "startTimeInMillis": 1465353000000,
        "sum": 58,
        "useRange": true,
        "value": 58
      },
      {
        "count": 1,
        "current": 53,
        "max": 53,
        "min": 53,
        "occurrences": 0,
        "standardDeviation": 0,
        "startTimeInMillis": 1465353060000,
        "sum": 53,
        "useRange": true,
        "value": 53
      },
      {
        "count": 1,
        "current": 67,
        "max": 67,
        "min": 67,
        "occurrences": 0,
        "standardDeviation": 0,
        "startTimeInMillis": 1465353120000,
        "sum": 67,
        "useRange": true,
        "value": 67
      },
      {
        "count": 1,
        "current": 51,
        "max": 51,
        "min": 51,
        "occurrences": 0,
        "standardDeviation": 0,
        "startTimeInMillis": 1465353180000,
        "sum": 51,
        "useRange": true,
        "value": 51
      },
      {
        "count": 1,
        "current": 49,
        "max": 49,
        "min": 49,
        "occurrences": 0,
        "standardDeviation": 0,
        "startTimeInMillis": 1465353240000,
        "sum": 49,
        "useRange": true,
        "value": 49
      }
    ]
  }
]
