[{
  "metricName": "BTM|Application Summary|Calls per Minute",
  "metricId": 372784824,
  "metricPath": "Overall Application Performance|Calls per Minute",
  "frequency": "ONE_MIN",
  "metricValues":   [
    {
      "occurrences": 1,
      "current": 21357,
      "min": 21357,
      "max": 21357,
      "startTimeInMillis": 1467833040000,
      "useRange": false,
      "count": 1,
      "sum": 21357,
      "value": 21357,
      "standardDeviation": 0
    },
    {
      "occurrences": 1,
      "current": 21370,
      "min": 21370,
      "max": 21370,
      "startTimeInMillis": 1467833100000,
      "useRange": false,
      "count": 1,
      "sum": 21370,
      "value": 21370,
      "standardDeviation": 0
    },
    {
      "occurrences": 1,
      "current": 21114,
      "min": 21114,
      "max": 21114,
      "startTimeInMillis": 1467833160000,
      "useRange": false,
      "count": 1,
      "sum": 21114,
      "value": 21114,
      "standardDeviation": 0
    },
    {
      "occurrences": 1,
      "current": 20404,
      "min": 20404,
      "max": 20404,
      "startTimeInMillis": 1467833220000,
      "useRange": false,
      "count": 1,
      "sum": 20404,
      "value": 20404,
      "standardDeviation": 0
    },
    {
      "occurrences": 1,
      "current": 20861,
      "min": 20861,
      "max": 20861,
      "startTimeInMillis": 1467833280000,
      "useRange": false,
      "count": 1,
      "sum": 20861,
      "value": 20861,
      "standardDeviation": 0
    },
    {
      "occurrences": 1,
      "current": 21598,
      "min": 21598,
      "max": 21598,
      "startTimeInMillis": 1467833340000,
      "useRange": false,
      "count": 1,
      "sum": 21598,
      "value": 21598,
      "standardDeviation": 0
    },
    {
      "occurrences": 1,
      "current": 21644,
      "min": 21644,
      "max": 21644,
      "startTimeInMillis": 1467833400000,
      "useRange": false,
      "count": 1,
      "sum": 21644,
      "value": 21644,
      "standardDeviation": 0
    },
    {
      "occurrences": 1,
      "current": 20274,
      "min": 20274,
      "max": 20274,
      "startTimeInMillis": 1467833460000,
      "useRange": false,
      "count": 1,
      "sum": 20274,
      "value": 20274,
      "standardDeviation": 0
    },
    {
      "occurrences": 1,
      "current": 20891,
      "min": 20891,
      "max": 20891,
      "startTimeInMillis": 1467833520000,
      "useRange": false,
      "count": 1,
      "sum": 20891,
      "value": 20891,
      "standardDeviation": 0
    },
    {
      "occurrences": 1,
      "current": 23081,
      "min": 23081,
      "max": 23081,
      "startTimeInMillis": 1467833580000,
      "useRange": false,
      "count": 1,
      "sum": 23081,
      "value": 23081,
      "standardDeviation": 0
    },
    {
      "occurrences": 1,
      "current": 21429,
      "min": 21429,
      "max": 21429,
      "startTimeInMillis": 1467833640000,
      "useRange": false,
      "count": 1,
      "sum": 21429,
      "value": 21429,
      "standardDeviation": 0
    },
    {
      "occurrences": 1,
      "current": 21235,
      "min": 21235,
      "max": 21235,
      "startTimeInMillis": 1467833700000,
      "useRange": false,
      "count": 1,
      "sum": 21235,
      "value": 21235,
      "standardDeviation": 0
    },
    {
      "occurrences": 1,
      "current": 20695,
      "min": 20695,
      "max": 20695,
      "startTimeInMillis": 1467833760000,
      "useRange": false,
      "count": 1,
      "sum": 20695,
      "value": 20695,
      "standardDeviation": 0
    },
    {
      "occurrences": 1,
      "current": 20529,
      "min": 20529,
      "max": 20529,
      "startTimeInMillis": 1467833820000,
      "useRange": false,
      "count": 1,
      "sum": 20529,
      "value": 20529,
      "standardDeviation": 0
    },
    {
      "occurrences": 1,
      "current": 21108,
      "min": 21108,
      "max": 21108,
      "startTimeInMillis": 1467833880000,
      "useRange": false,
      "count": 1,
      "sum": 21108,
      "value": 21108,
      "standardDeviation": 0
    }
  ]
}]
