[
  {
    "frequency": "ONE_MIN",
    "metricId": 58873,
    "metricName": "BTM|BTs|BT:555|Component:184|Exit Call:JDBC|To:{[UNRESOLVED][266]}|Calls per Minute",
    "metricPath": "Business Transaction Performance|Business Transactions|ECommerce-Services|Add To Cart|Individual Nodes|ECommerce_WEB1_NODE|External Calls|Call-JDBC to Discovered backend call - APPDY-MySQL DB-DB|Calls per Minute",
    "metricValues": [    {
      "count": 15,
      "current": 125,
      "max": 309,
      "min": 43,
      "occurrences": 0,
      "standardDeviation": 0,
      "startTimeInMillis": 1465392360000,
      "sum": 2526,
      "useRange": true,
      "value": 168
    }]
  },
  {
    "frequency": "ONE_MIN",
    "metricId": 58872,
    "metricName": "BTM|BTs|BT:555|Component:184|Exit Call:JDBC|To:{[UNRESOLVED][266]}|Average Response Time (ms)",
    "metricPath": "Business Transaction Performance|Business Transactions|ECommerce-Services|Add To Cart|Individual Nodes|ECommerce_WEB1_NODE|External Calls|Call-JDBC to Discovered backend call - APPDY-MySQL DB-DB|Average Response Time (ms)",
    "metricValues": [    {
      "count": 2526,
      "current": 8,
      "max": 15,
      "min": 0,
      "occurrences": 0,
      "standardDeviation": 0,
      "startTimeInMillis": 1465392360000,
      "sum": 1643,
      "useRange": true,
      "value": 1
    }]
  },
  {
    "frequency": "ONE_MIN",
    "metricId": 58874,
    "metricName": "METRIC DATA NOT FOUND",
    "metricPath": "Business Transaction Performance|Business Transactions|ECommerce-Services|Add To Cart|Individual Nodes|ECommerce_WEB1_NODE|External Calls|Call-JDBC to Discovered backend call - APPDY-MySQL DB-DB|Errors per Minute",
    "metricValues": []
  }
]
