[
  {
    "frequency": "ONE_MIN",
    "metricPath": "Application Infrastructure Performance|Collector|Custom Metrics|ABCD|Client|BC|XYZ|opr_1|FTC|ART (ms)",
    "metricValues": [
      {
        "startTimeInMillis": 1465330620000,
        "value": 10
      }, {
        "startTimeInMillis": 1465330740000,
        "value": 15
      }, {
        "startTimeInMillis": 1465330860000,
        "value": 3
      }, {
        "startTimeInMillis": 1465330920000,
        "value": 8
      }

    ]
  }, {
  "frequency": "ONE_MIN",
  "metricPath": "Application Infrastructure Performance|Collector|Custom Metrics|ABCD|Client|BC|XYZ_1|opr_2|FTC|ART (ms)",
  "metricValues": [
    {
      "startTimeInMillis": 1465330740000,
      "value": 7
    }, {
      "startTimeInMillis": 1465331040000,
      "value": 9
    }, {
      "startTimeInMillis": 1465331220000,
      "value": 20
    }

  ]
}
]
