[{
  "affectedEntityDefinition":   {
    "entityId": 237748,
    "entityType": "BUSINESS_TRANSACTION",
    "name": "_APPDYNAMICS_DEFAULT_TX_"
  },
  "deepLinkUrl": "https://oa.saas.appdynamics.com/#location=APP_INCIDENT_DETAIL&incident=2917100&application=1041",
  "description": "AppDynamics has detected a problem with Business Transaction <b>All Other Traffic - api_eummaster<\/b>.<br><b>Business Transaction response time is much higher than normal<\/b> downgraded in severity and is now <b>warning<\/b>.<br>All of the following conditions were found to be violating<br>For Business Transaction <b>All Other Traffic - api_eummaster<\/b>:<br>1) Average Response Time (ms) Baseline Condition<br><b>Average Response Time (ms)'s<\/b> value <b>269.0<\/b> was <b>greater than<\/b> baseline-based calculated value <b>74.0<\/b> by <b>2.0<\/b> standard deviation(s) <b>65.6<\/b>. Baseline used here is '<b>Daily Trend - Last 2 weeks<\/b>' for the last <b>30<\/b> minutes<br>2) Calls per Minute Condition<br><b>Calls per Minute's<\/b> value <b>548.0<\/b> was <b>greater than<\/b> the threshold <b>100.0<\/b> for the last <b>30<\/b> minutes<br>",
  "detectedTimeInMillis": 0,
  "endTimeInMillis": 0,
  "id": 2917100,
  "incidentStatus": "OPEN",
  "name": "Business Transaction response time is much higher than normal",
  "severity": "WARNING",
  "startTimeInMillis": 1487030635000,
  "triggeredEntityDefinition":   {
    "entityId": 7274,
    "entityType": "POLICY",
    "name": "Business Transaction response time is much higher than normal"
  }
},{
  "affectedEntityDefinition":     {
    "entityId": 18109570,
    "entityType": "APPLICATION_COMPONENT",
    "name": "indexer_prd43"
  },
  "deepLinkUrl": "https://oa.saas.appdynamics.com/#location=APP_INCIDENT_DETAIL&incident=2916482&application=2382",
  "description": "AppDynamics has detected a problem with Tier <b>indexer_prd43<\/b>.<br><b>TOM Machine Agent Uptime<\/b> continues to violate with <b>critical<\/b>.<br>All of the following conditions were found to be violating<br>For Node <b>indexerc6upsertv1_001_prd43<\/b>:<br>1) condition 1<br><b>Availability's<\/b> value <b>0.0<\/b> was <b>less than<\/b> the threshold <b>1.0<\/b> for the last <b>2<\/b> minutes<br>For Node <b>indexerc5upsertv1_001_prd43<\/b>:<br>1) condition 1<br><b>Availability's<\/b> value <b>0.0<\/b> was <b>less than<\/b> the threshold <b>1.0<\/b> for the last <b>2<\/b> minutes<br>For Node <b>indexerc12publishv1_001_prd43<\/b>:<br>1) condition 1<br><b>Availability's<\/b> value <b>0.0<\/b> was <b>less than<\/b> the threshold <b>1.0<\/b> for the last <b>2<\/b> minutes<br>For Node <b>indexerc7upsertv1_001_prd43<\/b>:<br>1) condition 1<br><b>Availability's<\/b> value <b>0.0<\/b> was <b>less than<\/b> the threshold <b>1.0<\/b> for the last <b>2<\/b> minutes<br>For Node <b>indexerc10publishv1_001_prd43<\/b>:<br>1) condition 1<br><b>Availability's<\/b> value <b>0.0<\/b> was <b>less than<\/b> the threshold <b>1.0<\/b> for the last <b>2<\/b> minutes<br>For Node <b>indexerc1upsertv1_001_prd43<\/b>:<br>1) condition 1<br><b>Availability's<\/b> value <b>0.0<\/b> was <b>less than<\/b> the threshold <b>1.0<\/b> for the last <b>2<\/b> minutes<br>For Node <b>indexerc4upsertv1_001_prd43<\/b>:<br>1) condition 1<br><b>Availability's<\/b> value <b>0.0<\/b> was <b>less than<\/b> the threshold <b>1.0<\/b> for the last <b>2<\/b> minutes<br>For Node <b>indexerc9publishv1_001_prd43<\/b>:<br>1) condition 1<br><b>Availability's<\/b> value <b>0.0<\/b> was <b>less than<\/b> the threshold <b>1.0<\/b> for the last <b>2<\/b> minutes<br>For Node <b>indexerc3publishv1_001_prd43<\/b>:<br>1) condition 1<br><b>Availability's<\/b> value <b>0.0<\/b> was <b>less than<\/b> the threshold <b>1.0<\/b> for the last <b>2<\/b> minutes<br>For Node <b>indexerc8upsertv1_001_prd43<\/b>:<br>1) condition 1<br><b>Availability's<\/b> value <b>0.0<\/b> was <b>less than<\/b> the threshold <b>1.0<\/b> for the last <b>2<\/b> minutes<br>For Node <b>indexerc11upsertv1_002_prd43<\/b>:<br>1) condition 1<br><b>Availability's<\/b> value <b>0.0<\/b> was <b>less than<\/b> the threshold <b>1.0<\/b> for the last <b>2<\/b> minutes<br>For Node <b>indexerc11upsertv1_001_prd43<\/b>:<br>1) condition 1<br><b>Availability's<\/b> value <b>0.0<\/b> was <b>less than<\/b> the threshold <b>1.0<\/b> for the last <b>2<\/b> minutes<br>For Node <b>indexerc1publishv1_001_prd43<\/b>:<br>1) condition 1<br><b>Availability's<\/b> value <b>0.0<\/b> was <b>less than<\/b> the threshold <b>1.0<\/b> for the last <b>2<\/b> minutes<br>For Node <b>indexerc4publishv1_001_prd43<\/b>:<br>1) condition 1<br><b>Availability's<\/b> value <b>0.0<\/b> was <b>less than<\/b> the threshold <b>1.0<\/b> for the last <b>2<\/b> minutes<br>For Node <b>indexerc11publishv1_001_prd43<\/b>:<br>1) condition 1<br><b>Availability's<\/b> value <b>0.0<\/b> was <b>less than<\/b> the threshold <b>1.0<\/b> for the last <b>2<\/b> minutes<br>For Node <b>indexerc12upsertv1_001_prd43<\/b>:<br>1) condition 1<br><b>Availability's<\/b> value <b>0.0<\/b> was <b>less than<\/b> the threshold <b>1.0<\/b> for the last <b>2<\/b> minutes<br>For Node <b>indexerc6publishv1_001_prd43<\/b>:<br>1) condition 1<br><b>Availability's<\/b> value <b>0.0<\/b> was <b>less than<\/b> the threshold <b>1.0<\/b> for the last <b>2<\/b> minutes<br>For Node <b>indexerc10upsertv1_001_prd43<\/b>:<br>1) condition 1<br><b>Availability's<\/b> value <b>0.0<\/b> was <b>less than<\/b> the threshold <b>1.0<\/b> for the last <b>2<\/b> minutes<br>For Node <b>indexerc2upsertv1_001_prd43<\/b>:<br>1) condition 1<br><b>Availability's<\/b> value <b>0.0<\/b> was <b>less than<\/b> the threshold <b>1.0<\/b> for the last <b>2<\/b> minutes<br>For Node <b>indexerc2publishv1_001_prd43<\/b>:<br>1) condition 1<br><b>Availability's<\/b> value <b>0.0<\/b> was <b>less than<\/b> the threshold <b>1.0<\/b> for the last <b>2<\/b> minutes<br>For Node <b>indexerc3upsertv1_001_prd43<\/b>:<br>1) condition 1<br><b>Availability's<\/b> value <b>0.0<\/b> was <b>less than<\/b> the threshold <b>1.0<\/b> for the last <b>2<\/b> minutes<br>For Node <b>indexerc8publishv1_001_prd43<\/b>:<br>1) condition 1<br><b>Availability's<\/b> value <b>0.0<\/b> was <b>less than<\/b> the threshold <b>1.0<\/b> for the last <b>2<\/b> minutes<br>",
  "detectedTimeInMillis": 0,
  "endTimeInMillis": 0,
  "id": 2916482,
  "incidentStatus": "OPEN",
  "name": "TOM Machine Agent Uptime",
  "severity": "CRITICAL",
  "startTimeInMillis": 1487007955002,
  "triggeredEntityDefinition":     {
    "entityId": 19476,
    "entityType": "POLICY",
    "name": "TOM Machine Agent Uptime"
  }
},
  {
    "affectedEntityDefinition":     {
      "entityId": 18109569,
      "entityType": "APPLICATION_COMPONENT",
      "name": "kb_prd43"
    },
    "deepLinkUrl": "https://oa.saas.appdynamics.com/#location=APP_INCIDENT_DETAIL&incident=2916483&application=2382",
    "description": "AppDynamics has detected a problem with Tier <b>kb_prd43<\/b>.<br><b>TOM Machine Agent Uptime<\/b> continues to violate with <b>critical<\/b>.<br>All of the following conditions were found to be violating<br>For Node <b>kbv1_002_prd43<\/b>:<br>1) condition 1<br><b>Availability's<\/b> value <b>0.0<\/b> was <b>less than<\/b> the threshold <b>1.0<\/b> for the last <b>2<\/b> minutes<br>For Node <b>kbv1_006_prd43<\/b>:<br>1) condition 1<br><b>Availability's<\/b> value <b>0.0<\/b> was <b>less than<\/b> the threshold <b>1.0<\/b> for the last <b>2<\/b> minutes<br>For Node <b>kbv1_001_prd43<\/b>:<br>1) condition 1<br><b>Availability's<\/b> value <b>0.0<\/b> was <b>less than<\/b> the threshold <b>1.0<\/b> for the last <b>2<\/b> minutes<br>For Node <b>kbv1_005_prd43<\/b>:<br>1) condition 1<br><b>Availability's<\/b> value <b>0.0<\/b> was <b>less than<\/b> the threshold <b>1.0<\/b> for the last <b>2<\/b> minutes<br>For Node <b>kbv1_007_prd43<\/b>:<br>1) condition 1<br><b>Availability's<\/b> value <b>0.0<\/b> was <b>less than<\/b> the threshold <b>1.0<\/b> for the last <b>2<\/b> minutes<br>For Node <b>kbv1_003_prd43<\/b>:<br>1) condition 1<br><b>Availability's<\/b> value <b>0.0<\/b> was <b>less than<\/b> the threshold <b>1.0<\/b> for the last <b>2<\/b> minutes<br>",
    "detectedTimeInMillis": 0,
    "endTimeInMillis": 0,
    "id": 2916483,
    "incidentStatus": "OPEN",
    "name": "TOM Machine Agent Uptime",
    "severity": "CRITICAL",
    "startTimeInMillis": 1487007955002,
    "triggeredEntityDefinition":     {
      "entityId": 19476,
      "entityType": "POLICY",
      "name": "TOM Machine Agent Uptime"
    }
  },
  {
    "affectedEntityDefinition":     {
      "entityId": 413418,
      "entityType": "APPLICATION_COMPONENT_NODE",
      "name": "es06data02.prd43"
    },
    "deepLinkUrl": "https://oa.saas.appdynamics.com/#location=APP_INCIDENT_DETAIL&incident=2916801&application=2382",
    "description": "AppDynamics has detected a problem with Node <b>es06data02.prd43<\/b>.<br><b>CPU utilization is too high<\/b> continues to violate with <b>critical<\/b>.<br>All of the following conditions were found to be violating<br>For Node <b>es06data02.prd43<\/b>:<br>1) Hardware Resources|CPU|%Busy Condition<br><b>%Busy's<\/b> value <b>98.0<\/b> was <b>greater than<\/b> the threshold <b>90.0<\/b> for the last <b>30<\/b> minutes<br>",
    "detectedTimeInMillis": 0,
    "endTimeInMillis": 0,
    "id": 2916801,
    "incidentStatus": "OPEN",
    "name": "CPU utilization is too high",
    "severity": "CRITICAL",
    "startTimeInMillis": 1487018275000,
    "triggeredEntityDefinition":     {
      "entityId": 15968,
      "entityType": "POLICY",
      "name": "CPU utilization is too high"
    }
  },{
  "affectedEntityDefinition":     {
    "entityId": 160922,
    "entityType": "APPLICATION_COMPONENT_NODE",
    "name": "prdcontr21a"
  },
  "deepLinkUrl": "https://oa.saas.appdynamics.com/#location=APP_INCIDENT_DETAIL&incident=2916914&application=100",
  "description": "AppDynamics has detected a problem with Node <b>prdcontr21a<\/b>.<br><b>Memory utilization is too high<\/b> continues to violate with <b>warning<\/b>.<br>All of the following conditions were found to be violating<br>For Node <b>prdcontr21a<\/b>:<br>1) Hardware Resources|Memory|Used % Condition<br><b>Used %'s<\/b> value <b>91.0<\/b> was <b>greater than<\/b> the threshold <b>90.0<\/b> for the last <b>30<\/b> minutes<br>",
  "detectedTimeInMillis": 0,
  "endTimeInMillis": 0,
  "id": 2916914,
  "incidentStatus": "OPEN",
  "name": "Memory utilization is too high",
  "severity": "WARNING",
  "startTimeInMillis": 1487022295055,
  "triggeredEntityDefinition":     {
    "entityId": 15599,
    "entityType": "POLICY",
    "name": "Memory utilization is too high"
  }
},
  {
    "affectedEntityDefinition":     {
      "entityId": 100,
      "entityType": "APPLICATION",
      "name": "paid21"
    },
    "deepLinkUrl": "https://oa.saas.appdynamics.com/#location=APP_INCIDENT_DETAIL&incident=2917105&application=100",
    "description": "AppDynamics has detected a problem with Application <b>paid21<\/b>.<br><b>Snapshots upload increased<\/b> started violating and is now <b>critical<\/b>.<br>All of the following conditions were found to be violating<br>For Application <b>paid21<\/b>:<br>1) SnapShotUploadLimit<br><b>Snapshots uploaded's<\/b> value <b>75.0<\/b> was <b>greater than<\/b> baseline-based calculated value <b>37.0<\/b> by <b>100.0<\/b>%. Baseline used here is '<b>Daily Trend - Last 30 days<\/b>' for the last <b>10<\/b> minutes<br>",
    "detectedTimeInMillis": 0,
    "endTimeInMillis": 1487031115000,
    "id": 2917105,
    "incidentStatus": "RESOLVED",
    "name": "Snapshots upload increased",
    "severity": "CRITICAL",
    "startTimeInMillis": 1487030935001,
    "triggeredEntityDefinition":     {
      "entityId": 13107,
      "entityType": "POLICY",
      "name": "Snapshots upload increased"
    }
  }]

