[
  {
    "frequency": "ONE_MIN",
    "metricId": 280539,
    "metricName": "BTM|BTs|BT:824|Component:184|Average Wait Time (ms)",
    "metricPath": "Business Transaction Performance|Business Transactions|ECommerce-Services|_APPDYNAMICS_DEFAULT_TX_|Average Wait Time (ms)",
    "metricValues": [    {
      "count": 0,
      "current": 0,
      "max": -2147483648,
      "min": 2147483647,
      "occurrences": 0,
      "standardDeviation": 0,
      "startTimeInMillis": 1465356300000,
      "sum": 0,
      "useRange": true,
      "value": 0
    }]
  },
  {
    "frequency": "ONE_MIN",
    "metricId": 47512,
    "metricName": "BTM|BTs|BT:557|Component:184|Stall Count",
    "metricPath": "Business Transaction Performance|Business Transactions|ECommerce-Services|Login - Mobile|Stall Count",
    "metricValues": [    {
      "count": 0,
      "current": 0,
      "max": -2147483648,
      "min": 2147483647,
      "occurrences": 0,
      "standardDeviation": 0,
      "startTimeInMillis": 1465356300000,
      "sum": 0,
      "useRange": false,
      "value": 0
    }]
  },
  {
    "frequency": "ONE_MIN",
    "metricId": 47215,
    "metricName": "BTM|BTs|BT:553|Component:192|Number of Very Slow Calls",
    "metricPath": "Business Transaction Performance|Business Transactions|Web-Tier-Services|Login|Number of Very Slow Calls",
    "metricValues": [    {
      "count": 0,
      "current": 0,
      "max": -2147483648,
      "min": 2147483647,
      "occurrences": 0,
      "standardDeviation": 0,
      "startTimeInMillis": 1465356300000,
      "sum": 0,
      "useRange": false,
      "value": 0
    }]
  },
  {
    "frequency": "ONE_MIN",
    "metricId": 47223,
    "metricName": "BTM|BTs|BT:554|Component:184|Number of Slow Calls",
    "metricPath": "Business Transaction Performance|Business Transactions|ECommerce-Services|Checkout|Number of Slow Calls",
    "metricValues": [    {
      "count": 0,
      "current": 0,
      "max": 0,
      "min": 0,
      "occurrences": 0,
      "standardDeviation": 0,
      "startTimeInMillis": 1465356300000,
      "sum": 0,
      "useRange": false,
      "value": 0
    }]
  },
  {
    "frequency": "ONE_MIN",
    "metricId": 47521,
    "metricName": "BTM|BTs|BT:557|Component:184|Average Request Size",
    "metricPath": "Business Transaction Performance|Business Transactions|ECommerce-Services|Login - Mobile|Average Request Size",
    "metricValues": [    {
      "count": 109,
      "current": 66,
      "max": 33,
      "min": 0,
      "occurrences": 0,
      "standardDeviation": 0,
      "startTimeInMillis": 1465356300000,
      "sum": 3597,
      "useRange": true,
      "value": 33
    }]
  },
  {
    "frequency": "ONE_MIN",
    "metricId": 45347,
    "metricName": "BTM|BTs|BT:549|Component:184|Calls per Minute",
    "metricPath": "Business Transaction Performance|Business Transactions|ECommerce-Services|Fetch Catalog|Calls per Minute",
    "metricValues": [    {
      "count": 30,
      "current": 11,
      "max": 0,
      "min": 0,
      "occurrences": 0,
      "standardDeviation": 0,
      "startTimeInMillis": 1465356300000,
      "sum": 187,
      "useRange": false,
      "value": 12
    }]
  },
  {
    "frequency": "ONE_MIN",
    "metricId": 250477,
    "metricName": "BTM|BTs|BT:817|Component:192|Average CPU Used (ms)",
    "metricPath": "Business Transaction Performance|Business Transactions|Web-Tier-Services|_APPDYNAMICS_DEFAULT_TX_|Average CPU Used (ms)",
    "metricValues": [    {
      "count": 0,
      "current": 0,
      "max": -2147483648,
      "min": 2147483647,
      "occurrences": 0,
      "standardDeviation": 0,
      "startTimeInMillis": 1465356300000,
      "sum": 0,
      "useRange": true,
      "value": 0
    }]
  },
  {
    "frequency": "ONE_MIN",
    "metricId": 45354,
    "metricName": "BTM|BTs|BT:549|Component:184|Average Wait Time (ms)",
    "metricPath": "Business Transaction Performance|Business Transactions|ECommerce-Services|Fetch Catalog|Average Wait Time (ms)",
    "metricValues": [    {
      "count": 187,
      "current": 0,
      "max": 0,
      "min": 0,
      "occurrences": 0,
      "standardDeviation": 0,
      "startTimeInMillis": 1465356300000,
      "sum": 0,
      "useRange": true,
      "value": 0
    }]
  },
  {
    "frequency": "ONE_MIN",
    "metricId": 280532,
    "metricName": "BTM|BTs|BT:824|Component:184|Calls per Minute",
    "metricPath": "Business Transaction Performance|Business Transactions|ECommerce-Services|_APPDYNAMICS_DEFAULT_TX_|Calls per Minute",
    "metricValues": [    {
      "count": 0,
      "current": 0,
      "max": -2147483648,
      "min": 2147483647,
      "occurrences": 0,
      "standardDeviation": 0,
      "startTimeInMillis": 1465356300000,
      "sum": 0,
      "useRange": false,
      "value": 0
    }]
  },
  {
    "frequency": "ONE_MIN",
    "metricId": 43733,
    "metricName": "BTM|BTs|BT:528|Component:184|Average Response Time (ms)",
    "metricPath": "Business Transaction Performance|Business Transactions|ECommerce-Services|Fetch Catalog - Mobile|Average Response Time (ms)",
    "metricValues": [    {
      "count": 144,
      "current": 0,
      "max": 11344,
      "min": 0,
      "occurrences": 0,
      "standardDeviation": 0,
      "startTimeInMillis": 1465356300000,
      "sum": 161457,
      "useRange": true,
      "value": 1121
    }]
  },
  {
    "frequency": "ONE_MIN",
    "metricId": 47408,
    "metricName": "BTM|BTs|BT:553|Component:192|95th Percentile Response Time (ms)",
    "metricPath": "Business Transaction Performance|Business Transactions|Web-Tier-Services|Login|95th Percentile Response Time (ms)",
    "metricValues": [    {
      "count": 207,
      "current": 4,
      "max": 105,
      "min": 3,
      "occurrences": 0,
      "standardDeviation": 0,
      "startTimeInMillis": 1465356300000,
      "sum": 1171,
      "useRange": true,
      "value": 6
    }]
  },
  {
    "frequency": "ONE_MIN",
    "metricId": 43726,
    "metricName": "BTM|BTs|BT:527|Component:184|Errors per Minute",
    "metricPath": "Business Transaction Performance|Business Transactions|ECommerce-Services|Homepage|Errors per Minute",
    "metricValues": [    {
      "count": 0,
      "current": 0,
      "max": -2147483648,
      "min": 2147483647,
      "occurrences": 0,
      "standardDeviation": 0,
      "startTimeInMillis": 1465356300000,
      "sum": 0,
      "useRange": false,
      "value": 0
    }]
  },
  {
    "frequency": "ONE_MIN",
    "metricId": 47237,
    "metricName": "BTM|BTs|BT:555|Component:184|Average Wait Time (ms)",
    "metricPath": "Business Transaction Performance|Business Transactions|ECommerce-Services|Add To Cart|Average Wait Time (ms)",
    "metricValues": [    {
      "count": 167,
      "current": 0,
      "max": 0,
      "min": 0,
      "occurrences": 0,
      "standardDeviation": 0,
      "startTimeInMillis": 1465356300000,
      "sum": 0,
      "useRange": true,
      "value": 0
    }]
  },
  {
    "frequency": "ONE_MIN",
    "metricId": 47644,
    "metricName": "BTM|BTs|BT:558|Component:184|Number of Very Slow Calls",
    "metricPath": "Business Transaction Performance|Business Transactions|ECommerce-Services|Add To Cart - Mobile|Number of Very Slow Calls",
    "metricValues": [    {
      "count": 0,
      "current": 0,
      "max": -2147483648,
      "min": 2147483647,
      "occurrences": 0,
      "standardDeviation": 0,
      "startTimeInMillis": 1465356300000,
      "sum": 0,
      "useRange": false,
      "value": 0
    }]
  },
  {
    "frequency": "ONE_MIN",
    "metricId": 45577,
    "metricName": "METRIC DATA NOT FOUND",
    "metricPath": "Business Transaction Performance|Business Transactions|ECommerce-Services|Fetch Catalog|Average Request Size",
    "metricValues": []
  },
  {
    "frequency": "ONE_MIN",
    "metricId": 43739,
    "metricName": "BTM|BTs|BT:528|Component:184|Average CPU Used (ms)",
    "metricPath": "Business Transaction Performance|Business Transactions|ECommerce-Services|Fetch Catalog - Mobile|Average CPU Used (ms)",
    "metricValues": [    {
      "count": 144,
      "current": 0,
      "max": 1,
      "min": 0,
      "occurrences": 0,
      "standardDeviation": 0,
      "startTimeInMillis": 1465356300000,
      "sum": 9,
      "useRange": true,
      "value": 0
    }]
  },
  {
    "frequency": "ONE_MIN",
    "metricId": 47662,
    "metricName": "BTM|BTs|BT:560|Component:184|Number of Very Slow Calls",
    "metricPath": "Business Transaction Performance|Business Transactions|ECommerce-Services|Checkout - Mobile|Number of Very Slow Calls",
    "metricValues": [    {
      "count": 0,
      "current": 0,
      "max": 0,
      "min": 0,
      "occurrences": 0,
      "standardDeviation": 0,
      "startTimeInMillis": 1465356300000,
      "sum": 0,
      "useRange": false,
      "value": 0
    }]
  },
  {
    "frequency": "ONE_MIN",
    "metricId": 47663,
    "metricName": "BTM|BTs|BT:560|Component:184|Stall Count",
    "metricPath": "Business Transaction Performance|Business Transactions|ECommerce-Services|Checkout - Mobile|Stall Count",
    "metricValues": [    {
      "count": 0,
      "current": 0,
      "max": -2147483648,
      "min": 2147483647,
      "occurrences": 0,
      "standardDeviation": 0,
      "startTimeInMillis": 1465356300000,
      "sum": 0,
      "useRange": false,
      "value": 0
    }]
  },
  {
    "frequency": "ONE_MIN",
    "metricId": 47643,
    "metricName": "BTM|BTs|BT:558|Component:184|Number of Slow Calls",
    "metricPath": "Business Transaction Performance|Business Transactions|ECommerce-Services|Add To Cart - Mobile|Number of Slow Calls",
    "metricValues": [    {
      "count": 0,
      "current": 0,
      "max": 0,
      "min": 0,
      "occurrences": 0,
      "standardDeviation": 0,
      "startTimeInMillis": 1465356300000,
      "sum": 0,
      "useRange": false,
      "value": 0
    }]
  },
  {
    "frequency": "ONE_MIN",
    "metricId": 43740,
    "metricName": "BTM|BTs|BT:528|Component:184|Average Block Time (ms)",
    "metricPath": "Business Transaction Performance|Business Transactions|ECommerce-Services|Fetch Catalog - Mobile|Average Block Time (ms)",
    "metricValues": [    {
      "count": 144,
      "current": 0,
      "max": 0,
      "min": 0,
      "occurrences": 0,
      "standardDeviation": 0,
      "startTimeInMillis": 1465356300000,
      "sum": 0,
      "useRange": true,
      "value": 0
    }]
  },
  {
    "frequency": "ONE_MIN",
    "metricId": 45346,
    "metricName": "BTM|BTs|BT:549|Component:184|Average Response Time (ms)",
    "metricPath": "Business Transaction Performance|Business Transactions|ECommerce-Services|Fetch Catalog|Average Response Time (ms)",
    "metricValues": [    {
      "count": 187,
      "current": 5,
      "max": 11582,
      "min": 0,
      "occurrences": 0,
      "standardDeviation": 0,
      "startTimeInMillis": 1465356300000,
      "sum": 141365,
      "useRange": true,
      "value": 756
    }]
  },
  {
    "frequency": "ONE_MIN",
    "metricId": 280886,
    "metricName": "METRIC DATA NOT FOUND",
    "metricPath": "Business Transaction Performance|Business Transactions|Inventory-Services|_APPDYNAMICS_DEFAULT_TX_|Normal Average Response Time (ms)",
    "metricValues": []
  },
  {
    "frequency": "ONE_MIN",
    "metricId": 250478,
    "metricName": "BTM|BTs|BT:817|Component:192|Average Block Time (ms)",
    "metricPath": "Business Transaction Performance|Business Transactions|Web-Tier-Services|_APPDYNAMICS_DEFAULT_TX_|Average Block Time (ms)",
    "metricValues": [    {
      "count": 0,
      "current": 0,
      "max": -2147483648,
      "min": 2147483647,
      "occurrences": 0,
      "standardDeviation": 0,
      "startTimeInMillis": 1465356300000,
      "sum": 0,
      "useRange": true,
      "value": 0
    }]
  },
  {
    "frequency": "ONE_MIN",
    "metricId": 43732,
    "metricName": "BTM|BTs|BT:527|Component:184|Average Wait Time (ms)",
    "metricPath": "Business Transaction Performance|Business Transactions|ECommerce-Services|Homepage|Average Wait Time (ms)",
    "metricValues": [    {
      "count": 8,
      "current": 0,
      "max": 0,
      "min": 0,
      "occurrences": 0,
      "standardDeviation": 0,
      "startTimeInMillis": 1465356300000,
      "sum": 0,
      "useRange": true,
      "value": 0
    }]
  },
  {
    "frequency": "ONE_MIN",
    "metricId": 280533,
    "metricName": "BTM|BTs|BT:824|Component:184|Errors per Minute",
    "metricPath": "Business Transaction Performance|Business Transactions|ECommerce-Services|_APPDYNAMICS_DEFAULT_TX_|Errors per Minute",
    "metricValues": [    {
      "count": 0,
      "current": 0,
      "max": -2147483648,
      "min": 2147483647,
      "occurrences": 0,
      "standardDeviation": 0,
      "startTimeInMillis": 1465356300000,
      "sum": 0,
      "useRange": false,
      "value": 0
    }]
  },
  {
    "frequency": "ONE_MIN",
    "metricId": 43811,
    "metricName": "METRIC DATA NOT FOUND",
    "metricPath": "Business Transaction Performance|Business Transactions|ECommerce-Services|Fetch Catalog - Mobile|Average Request Size",
    "metricValues": []
  },
  {
    "frequency": "ONE_MIN",
    "metricId": 280867,
    "metricName": "BTM|BTs|BT:826|Component:185|Errors per Minute",
    "metricPath": "Business Transaction Performance|Business Transactions|Inventory-Services|_APPDYNAMICS_DEFAULT_TX_|Errors per Minute",
    "metricValues": [    {
      "count": 0,
      "current": 0,
      "max": -2147483648,
      "min": 2147483647,
      "occurrences": 0,
      "standardDeviation": 0,
      "startTimeInMillis": 1465356300000,
      "sum": 0,
      "useRange": false,
      "value": 0
    }]
  },
  {
    "frequency": "ONE_MIN",
    "metricId": 47230,
    "metricName": "BTM|BTs|BT:555|Component:184|Calls per Minute",
    "metricPath": "Business Transaction Performance|Business Transactions|ECommerce-Services|Add To Cart|Calls per Minute",
    "metricValues": [    {
      "count": 30,
      "current": 11,
      "max": 0,
      "min": 0,
      "occurrences": 0,
      "standardDeviation": 0,
      "startTimeInMillis": 1465356300000,
      "sum": 167,
      "useRange": false,
      "value": 11
    }]
  },
  {
    "frequency": "ONE_MIN",
    "metricId": 280540,
    "metricName": "METRIC DATA NOT FOUND",
    "metricPath": "Business Transaction Performance|Business Transactions|ECommerce-Services|_APPDYNAMICS_DEFAULT_TX_|Average Request Size",
    "metricValues": []
  },
  {
    "frequency": "ONE_MIN",
    "metricId": 43725,
    "metricName": "BTM|BTs|BT:527|Component:184|Calls per Minute",
    "metricPath": "Business Transaction Performance|Business Transactions|ECommerce-Services|Homepage|Calls per Minute",
    "metricValues": [    {
      "count": 30,
      "current": 11,
      "max": 0,
      "min": 0,
      "occurrences": 0,
      "standardDeviation": 0,
      "startTimeInMillis": 1465356300000,
      "sum": 312,
      "useRange": false,
      "value": 21
    }]
  },
  {
    "frequency": "ONE_MIN",
    "metricId": 45353,
    "metricName": "BTM|BTs|BT:549|Component:184|Average Block Time (ms)",
    "metricPath": "Business Transaction Performance|Business Transactions|ECommerce-Services|Fetch Catalog|Average Block Time (ms)",
    "metricValues": [    {
      "count": 187,
      "current": 0,
      "max": 0,
      "min": 0,
      "occurrences": 0,
      "standardDeviation": 0,
      "startTimeInMillis": 1465356300000,
      "sum": 0,
      "useRange": true,
      "value": 0
    }]
  },
  {
    "frequency": "ONE_MIN",
    "metricId": 250471,
    "metricName": "BTM|BTs|BT:817|Component:192|Average Response Time (ms)",
    "metricPath": "Business Transaction Performance|Business Transactions|Web-Tier-Services|_APPDYNAMICS_DEFAULT_TX_|Average Response Time (ms)",
    "metricValues": [    {
      "count": 0,
      "current": 0,
      "max": -2147483648,
      "min": 2147483647,
      "occurrences": 0,
      "standardDeviation": 0,
      "startTimeInMillis": 1465356300000,
      "sum": 0,
      "useRange": true,
      "value": 0
    }]
  },
  {
    "frequency": "ONE_MIN",
    "metricId": 47322,
    "metricName": "BTM|BTs|BT:555|Component:184|Normal Average Response Time (ms)",
    "metricPath": "Business Transaction Performance|Business Transactions|ECommerce-Services|Add To Cart|Normal Average Response Time (ms)",
    "metricValues": [    {
      "count": 153,
      "current": 63,
      "max": 71,
      "min": 0,
      "occurrences": 0,
      "standardDeviation": 0,
      "startTimeInMillis": 1465356300000,
      "sum": 3559,
      "useRange": true,
      "value": 23
    }]
  },
  {
    "frequency": "ONE_MIN",
    "metricId": 47232,
    "metricName": "BTM|BTs|BT:555|Component:184|Number of Slow Calls",
    "metricPath": "Business Transaction Performance|Business Transactions|ECommerce-Services|Add To Cart|Number of Slow Calls",
    "metricValues": [    {
      "count": 0,
      "current": 0,
      "max": -2147483648,
      "min": 2147483647,
      "occurrences": 0,
      "standardDeviation": 0,
      "startTimeInMillis": 1465356300000,
      "sum": 0,
      "useRange": false,
      "value": 0
    }]
  },
  {
    "frequency": "ONE_MIN",
    "metricId": 47642,
    "metricName": "BTM|BTs|BT:558|Component:184|Errors per Minute",
    "metricPath": "Business Transaction Performance|Business Transactions|ECommerce-Services|Add To Cart - Mobile|Errors per Minute",
    "metricValues": [    {
      "count": 0,
      "current": 0,
      "max": -2147483648,
      "min": 2147483647,
      "occurrences": 0,
      "standardDeviation": 0,
      "startTimeInMillis": 1465356300000,
      "sum": 0,
      "useRange": false,
      "value": 0
    }]
  },
  {
    "frequency": "ONE_MIN",
    "metricId": 47307,
    "metricName": "BTM|BTs|BT:554|Component:184|Average Request Size",
    "metricPath": "Business Transaction Performance|Business Transactions|ECommerce-Services|Checkout|Average Request Size",
    "metricValues": [    {
      "count": 118,
      "current": 66,
      "max": 60,
      "min": 0,
      "occurrences": 0,
      "standardDeviation": 0,
      "startTimeInMillis": 1465356300000,
      "sum": 3774,
      "useRange": true,
      "value": 32
    }]
  },
  {
    "frequency": "ONE_MIN",
    "metricId": 43728,
    "metricName": "BTM|BTs|BT:527|Component:184|Number of Very Slow Calls",
    "metricPath": "Business Transaction Performance|Business Transactions|ECommerce-Services|Homepage|Number of Very Slow Calls",
    "metricValues": [    {
      "count": 0,
      "current": 0,
      "max": -2147483648,
      "min": 2147483647,
      "occurrences": 0,
      "standardDeviation": 0,
      "startTimeInMillis": 1465356300000,
      "sum": 0,
      "useRange": false,
      "value": 0
    }]
  },
  {
    "frequency": "ONE_MIN",
    "metricId": 63616,
    "metricName": "METRIC DATA NOT FOUND",
    "metricPath": "Business Transaction Performance|Business Transactions|ECommerce-Services|Add To Cart - Mobile|Average Async Processing Time (ms)",
    "metricValues": []
  },
  {
    "frequency": "ONE_MIN",
    "metricId": 47664,
    "metricName": "BTM|BTs|BT:560|Component:184|Average CPU Used (ms)",
    "metricPath": "Business Transaction Performance|Business Transactions|ECommerce-Services|Checkout - Mobile|Average CPU Used (ms)",
    "metricValues": [    {
      "count": 107,
      "current": 0,
      "max": 132,
      "min": 0,
      "occurrences": 0,
      "standardDeviation": 0,
      "startTimeInMillis": 1465356300000,
      "sum": 919,
      "useRange": true,
      "value": 9
    }]
  },
  {
    "frequency": "ONE_MIN",
    "metricId": 280534,
    "metricName": "BTM|BTs|BT:824|Component:184|Number of Slow Calls",
    "metricPath": "Business Transaction Performance|Business Transactions|ECommerce-Services|_APPDYNAMICS_DEFAULT_TX_|Number of Slow Calls",
    "metricValues": [    {
      "count": 0,
      "current": 0,
      "max": -2147483648,
      "min": 2147483647,
      "occurrences": 0,
      "standardDeviation": 0,
      "startTimeInMillis": 1465356300000,
      "sum": 0,
      "useRange": false,
      "value": 0
    }]
  },
  {
    "frequency": "ONE_MIN",
    "metricId": 43741,
    "metricName": "BTM|BTs|BT:528|Component:184|Average Wait Time (ms)",
    "metricPath": "Business Transaction Performance|Business Transactions|ECommerce-Services|Fetch Catalog - Mobile|Average Wait Time (ms)",
    "metricValues": [    {
      "count": 144,
      "current": 0,
      "max": 0,
      "min": 0,
      "occurrences": 0,
      "standardDeviation": 0,
      "startTimeInMillis": 1465356300000,
      "sum": 0,
      "useRange": true,
      "value": 0
    }]
  },
  {
    "frequency": "ONE_MIN",
    "metricId": 44005,
    "metricName": "METRIC DATA NOT FOUND",
    "metricPath": "Business Transaction Performance|Business Transactions|ECommerce-Services|Homepage|Average Request Size",
    "metricValues": []
  },
  {
    "frequency": "ONE_MIN",
    "metricId": 280869,
    "metricName": "BTM|BTs|BT:826|Component:185|Number of Very Slow Calls",
    "metricPath": "Business Transaction Performance|Business Transactions|Inventory-Services|_APPDYNAMICS_DEFAULT_TX_|Number of Very Slow Calls",
    "metricValues": [    {
      "count": 0,
      "current": 0,
      "max": -2147483648,
      "min": 2147483647,
      "occurrences": 0,
      "standardDeviation": 0,
      "startTimeInMillis": 1465356300000,
      "sum": 0,
      "useRange": false,
      "value": 0
    }]
  },
  {
    "frequency": "ONE_MIN",
    "metricId": 47216,
    "metricName": "BTM|BTs|BT:553|Component:192|Stall Count",
    "metricPath": "Business Transaction Performance|Business Transactions|Web-Tier-Services|Login|Stall Count",
    "metricValues": [    {
      "count": 0,
      "current": 0,
      "max": -2147483648,
      "min": 2147483647,
      "occurrences": 0,
      "standardDeviation": 0,
      "startTimeInMillis": 1465356300000,
      "sum": 0,
      "useRange": false,
      "value": 0
    }]
  },
  {
    "frequency": "ONE_MIN",
    "metricId": 47224,
    "metricName": "BTM|BTs|BT:554|Component:184|Number of Very Slow Calls",
    "metricPath": "Business Transaction Performance|Business Transactions|ECommerce-Services|Checkout|Number of Very Slow Calls",
    "metricValues": [    {
      "count": 0,
      "current": 0,
      "max": 0,
      "min": 0,
      "occurrences": 0,
      "standardDeviation": 0,
      "startTimeInMillis": 1465356300000,
      "sum": 0,
      "useRange": false,
      "value": 0
    }]
  },
  {
    "frequency": "ONE_MIN",
    "metricId": 43735,
    "metricName": "BTM|BTs|BT:528|Component:184|Errors per Minute",
    "metricPath": "Business Transaction Performance|Business Transactions|ECommerce-Services|Fetch Catalog - Mobile|Errors per Minute",
    "metricValues": [    {
      "count": 30,
      "current": 0,
      "max": 0,
      "min": 0,
      "occurrences": 0,
      "standardDeviation": 0,
      "startTimeInMillis": 1465356300000,
      "sum": 6,
      "useRange": false,
      "value": 0
    }]
  },
  {
    "frequency": "ONE_MIN",
    "metricId": 47511,
    "metricName": "BTM|BTs|BT:557|Component:184|Number of Very Slow Calls",
    "metricPath": "Business Transaction Performance|Business Transactions|ECommerce-Services|Login - Mobile|Number of Very Slow Calls",
    "metricValues": [    {
      "count": 0,
      "current": 0,
      "max": -2147483648,
      "min": 2147483647,
      "occurrences": 0,
      "standardDeviation": 0,
      "startTimeInMillis": 1465356300000,
      "sum": 0,
      "useRange": false,
      "value": 0
    }]
  },
  {
    "frequency": "ONE_MIN",
    "metricId": 47536,
    "metricName": "BTM|BTs|BT:557|Component:184|95th Percentile Response Time (ms)",
    "metricPath": "Business Transaction Performance|Business Transactions|ECommerce-Services|Login - Mobile|95th Percentile Response Time (ms)",
    "metricValues": [    {
      "count": 109,
      "current": 4,
      "max": 25,
      "min": 0,
      "occurrences": 0,
      "standardDeviation": 0,
      "startTimeInMillis": 1465356300000,
      "sum": 226,
      "useRange": true,
      "value": 2
    }]
  },
  {
    "frequency": "ONE_MIN",
    "metricId": 250475,
    "metricName": "BTM|BTs|BT:817|Component:192|Number of Very Slow Calls",
    "metricPath": "Business Transaction Performance|Business Transactions|Web-Tier-Services|_APPDYNAMICS_DEFAULT_TX_|Number of Very Slow Calls",
    "metricValues": [    {
      "count": 0,
      "current": 0,
      "max": -2147483648,
      "min": 2147483647,
      "occurrences": 0,
      "standardDeviation": 0,
      "startTimeInMillis": 1465356300000,
      "sum": 0,
      "useRange": false,
      "value": 0
    }]
  },
  {
    "frequency": "ONE_MIN",
    "metricId": 45352,
    "metricName": "BTM|BTs|BT:549|Component:184|Average CPU Used (ms)",
    "metricPath": "Business Transaction Performance|Business Transactions|ECommerce-Services|Fetch Catalog|Average CPU Used (ms)",
    "metricValues": [    {
      "count": 187,
      "current": 3,
      "max": 7,
      "min": 0,
      "occurrences": 0,
      "standardDeviation": 0,
      "startTimeInMillis": 1465356300000,
      "sum": 714,
      "useRange": true,
      "value": 4
    }]
  },
  {
    "frequency": "ONE_MIN",
    "metricId": 47239,
    "metricName": "BTM|BTs|BT:553|Component:192|Normal Average Response Time (ms)",
    "metricPath": "Business Transaction Performance|Business Transactions|Web-Tier-Services|Login|Normal Average Response Time (ms)",
    "metricValues": [    {
      "count": 207,
      "current": 4,
      "max": 105,
      "min": 3,
      "occurrences": 0,
      "standardDeviation": 0,
      "startTimeInMillis": 1465356300000,
      "sum": 1021,
      "useRange": true,
      "value": 5
    }]
  },
  {
    "frequency": "ONE_MIN",
    "metricId": 280535,
    "metricName": "BTM|BTs|BT:824|Component:184|Number of Very Slow Calls",
    "metricPath": "Business Transaction Performance|Business Transactions|ECommerce-Services|_APPDYNAMICS_DEFAULT_TX_|Number of Very Slow Calls",
    "metricValues": [    {
      "count": 0,
      "current": 0,
      "max": -2147483648,
      "min": 2147483647,
      "occurrences": 0,
      "standardDeviation": 0,
      "startTimeInMillis": 1465356300000,
      "sum": 0,
      "useRange": false,
      "value": 0
    }]
  },
  {
    "frequency": "ONE_MIN",
    "metricId": 43727,
    "metricName": "BTM|BTs|BT:527|Component:184|Number of Slow Calls",
    "metricPath": "Business Transaction Performance|Business Transactions|ECommerce-Services|Homepage|Number of Slow Calls",
    "metricValues": [    {
      "count": 0,
      "current": 0,
      "max": -2147483648,
      "min": 2147483647,
      "occurrences": 0,
      "standardDeviation": 0,
      "startTimeInMillis": 1465356300000,
      "sum": 0,
      "useRange": false,
      "value": 0
    }]
  },
  {
    "frequency": "ONE_MIN",
    "metricId": 45351,
    "metricName": "BTM|BTs|BT:549|Component:184|Stall Count",
    "metricPath": "Business Transaction Performance|Business Transactions|ECommerce-Services|Fetch Catalog|Stall Count",
    "metricValues": [    {
      "count": 0,
      "current": 0,
      "max": -2147483648,
      "min": 2147483647,
      "occurrences": 0,
      "standardDeviation": 0,
      "startTimeInMillis": 1465356300000,
      "sum": 0,
      "useRange": false,
      "value": 0
    }]
  },
  {
    "frequency": "ONE_MIN",
    "metricId": 47760,
    "metricName": "BTM|BTs|BT:560|Component:184|95th Percentile Response Time (ms)",
    "metricPath": "Business Transaction Performance|Business Transactions|ECommerce-Services|Checkout - Mobile|95th Percentile Response Time (ms)",
    "metricValues": [    {
      "count": 107,
      "current": 50,
      "max": 497,
      "min": 0,
      "occurrences": 0,
      "standardDeviation": 0,
      "startTimeInMillis": 1465356300000,
      "sum": 5111,
      "useRange": true,
      "value": 48
    }]
  },
  {
    "frequency": "ONE_MIN",
    "metricId": 47641,
    "metricName": "BTM|BTs|BT:558|Component:184|Calls per Minute",
    "metricPath": "Business Transaction Performance|Business Transactions|ECommerce-Services|Add To Cart - Mobile|Calls per Minute",
    "metricValues": [    {
      "count": 30,
      "current": 0,
      "max": 0,
      "min": 0,
      "occurrences": 0,
      "standardDeviation": 0,
      "startTimeInMillis": 1465356300000,
      "sum": 107,
      "useRange": false,
      "value": 7
    }]
  },
  {
    "frequency": "ONE_MIN",
    "metricId": 47665,
    "metricName": "BTM|BTs|BT:560|Component:184|Average Block Time (ms)",
    "metricPath": "Business Transaction Performance|Business Transactions|ECommerce-Services|Checkout - Mobile|Average Block Time (ms)",
    "metricValues": [    {
      "count": 107,
      "current": 0,
      "max": 0,
      "min": 0,
      "occurrences": 0,
      "standardDeviation": 0,
      "startTimeInMillis": 1465356300000,
      "sum": 0,
      "useRange": true,
      "value": 0
    }]
  },
  {
    "frequency": "ONE_MIN",
    "metricId": 44006,
    "metricName": "BTM|BTs|BT:527|Component:184|Normal Average Response Time (ms)",
    "metricPath": "Business Transaction Performance|Business Transactions|ECommerce-Services|Homepage|Normal Average Response Time (ms)",
    "metricValues": [    {
      "count": 312,
      "current": 3,
      "max": 13,
      "min": 0,
      "occurrences": 0,
      "standardDeviation": 0,
      "startTimeInMillis": 1465356300000,
      "sum": 562,
      "useRange": true,
      "value": 2
    }]
  },
  {
    "frequency": "ONE_MIN",
    "metricId": 47231,
    "metricName": "BTM|BTs|BT:555|Component:184|Errors per Minute",
    "metricPath": "Business Transaction Performance|Business Transactions|ECommerce-Services|Add To Cart|Errors per Minute",
    "metricValues": [    {
      "count": 30,
      "current": 2,
      "max": 0,
      "min": 0,
      "occurrences": 0,
      "standardDeviation": 0,
      "startTimeInMillis": 1465356300000,
      "sum": 14,
      "useRange": false,
      "value": 1
    }]
  },
  {
    "frequency": "ONE_MIN",
    "metricId": 47306,
    "metricName": "BTM|BTs|BT:549|Component:184|95th Percentile Response Time (ms)",
    "metricPath": "Business Transaction Performance|Business Transactions|ECommerce-Services|Fetch Catalog|95th Percentile Response Time (ms)",
    "metricValues": [    {
      "count": 187,
      "current": 921,
      "max": 11582,
      "min": 0,
      "occurrences": 0,
      "standardDeviation": 0,
      "startTimeInMillis": 1465356300000,
      "sum": 100701,
      "useRange": true,
      "value": 539
    }]
  },
  {
    "frequency": "ONE_MIN",
    "metricId": 280987,
    "metricName": "METRIC DATA NOT FOUND",
    "metricPath": "Business Transaction Performance|Business Transactions|Inventory-Services|_APPDYNAMICS_DEFAULT_TX_|Average Request Size",
    "metricValues": []
  },
  {
    "frequency": "ONE_MIN",
    "metricId": 47510,
    "metricName": "BTM|BTs|BT:557|Component:184|Number of Slow Calls",
    "metricPath": "Business Transaction Performance|Business Transactions|ECommerce-Services|Login - Mobile|Number of Slow Calls",
    "metricValues": [    {
      "count": 0,
      "current": 0,
      "max": -2147483648,
      "min": 2147483647,
      "occurrences": 0,
      "standardDeviation": 0,
      "startTimeInMillis": 1465356300000,
      "sum": 0,
      "useRange": false,
      "value": 0
    }]
  },
  {
    "frequency": "ONE_MIN",
    "metricId": 43734,
    "metricName": "BTM|BTs|BT:528|Component:184|Calls per Minute",
    "metricPath": "Business Transaction Performance|Business Transactions|ECommerce-Services|Fetch Catalog - Mobile|Calls per Minute",
    "metricValues": [    {
      "count": 30,
      "current": 0,
      "max": 0,
      "min": 0,
      "occurrences": 0,
      "standardDeviation": 0,
      "startTimeInMillis": 1465356300000,
      "sum": 144,
      "useRange": false,
      "value": 10
    }]
  },
  {
    "frequency": "ONE_MIN",
    "metricId": 47648,
    "metricName": "BTM|BTs|BT:558|Component:184|Average Wait Time (ms)",
    "metricPath": "Business Transaction Performance|Business Transactions|ECommerce-Services|Add To Cart - Mobile|Average Wait Time (ms)",
    "metricValues": [    {
      "count": 107,
      "current": 0,
      "max": 0,
      "min": 0,
      "occurrences": 0,
      "standardDeviation": 0,
      "startTimeInMillis": 1465356300000,
      "sum": 0,
      "useRange": true,
      "value": 0
    }]
  },
  {
    "frequency": "ONE_MIN",
    "metricId": 250476,
    "metricName": "BTM|BTs|BT:817|Component:192|Stall Count",
    "metricPath": "Business Transaction Performance|Business Transactions|Web-Tier-Services|_APPDYNAMICS_DEFAULT_TX_|Stall Count",
    "metricValues": [    {
      "count": 0,
      "current": 0,
      "max": -2147483648,
      "min": 2147483647,
      "occurrences": 0,
      "standardDeviation": 0,
      "startTimeInMillis": 1465356300000,
      "sum": 0,
      "useRange": false,
      "value": 0
    }]
  },
  {
    "frequency": "ONE_MIN",
    "metricId": 280868,
    "metricName": "BTM|BTs|BT:826|Component:185|Number of Slow Calls",
    "metricPath": "Business Transaction Performance|Business Transactions|Inventory-Services|_APPDYNAMICS_DEFAULT_TX_|Number of Slow Calls",
    "metricValues": [    {
      "count": 0,
      "current": 0,
      "max": -2147483648,
      "min": 2147483647,
      "occurrences": 0,
      "standardDeviation": 0,
      "startTimeInMillis": 1465356300000,
      "sum": 0,
      "useRange": false,
      "value": 0
    }]
  },
  {
    "frequency": "ONE_MIN",
    "metricId": 47658,
    "metricName": "BTM|BTs|BT:560|Component:184|Average Response Time (ms)",
    "metricPath": "Business Transaction Performance|Business Transactions|ECommerce-Services|Checkout - Mobile|Average Response Time (ms)",
    "metricValues": [    {
      "count": 107,
      "current": 0,
      "max": 497,
      "min": 0,
      "occurrences": 0,
      "standardDeviation": 0,
      "startTimeInMillis": 1465356300000,
      "sum": 3884,
      "useRange": true,
      "value": 36
    }]
  },
  {
    "frequency": "ONE_MIN",
    "metricId": 47217,
    "metricName": "BTM|BTs|BT:553|Component:192|Average CPU Used (ms)",
    "metricPath": "Business Transaction Performance|Business Transactions|Web-Tier-Services|Login|Average CPU Used (ms)",
    "metricValues": [    {
      "count": 0,
      "current": 0,
      "max": -2147483648,
      "min": 2147483647,
      "occurrences": 0,
      "standardDeviation": 0,
      "startTimeInMillis": 1465356300000,
      "sum": 0,
      "useRange": true,
      "value": 0
    }]
  },
  {
    "frequency": "ONE_MIN",
    "metricId": 47225,
    "metricName": "BTM|BTs|BT:554|Component:184|Stall Count",
    "metricPath": "Business Transaction Performance|Business Transactions|ECommerce-Services|Checkout|Stall Count",
    "metricValues": [    {
      "count": 0,
      "current": 0,
      "max": -2147483648,
      "min": 2147483647,
      "occurrences": 0,
      "standardDeviation": 0,
      "startTimeInMillis": 1465356300000,
      "sum": 0,
      "useRange": false,
      "value": 0
    }]
  },
  {
    "frequency": "ONE_MIN",
    "metricId": 47234,
    "metricName": "BTM|BTs|BT:555|Component:184|Stall Count",
    "metricPath": "Business Transaction Performance|Business Transactions|ECommerce-Services|Add To Cart|Stall Count",
    "metricValues": [    {
      "count": 0,
      "current": 0,
      "max": -2147483648,
      "min": 2147483647,
      "occurrences": 0,
      "standardDeviation": 0,
      "startTimeInMillis": 1465356300000,
      "sum": 0,
      "useRange": false,
      "value": 0
    }]
  },
  {
    "frequency": "ONE_MIN",
    "metricId": 47647,
    "metricName": "BTM|BTs|BT:558|Component:184|Average Block Time (ms)",
    "metricPath": "Business Transaction Performance|Business Transactions|ECommerce-Services|Add To Cart - Mobile|Average Block Time (ms)",
    "metricValues": [    {
      "count": 107,
      "current": 0,
      "max": 0,
      "min": 0,
      "occurrences": 0,
      "standardDeviation": 0,
      "startTimeInMillis": 1465356300000,
      "sum": 0,
      "useRange": true,
      "value": 0
    }]
  },
  {
    "frequency": "ONE_MIN",
    "metricId": 47318,
    "metricName": "BTM|BTs|BT:555|Component:184|Average Request Size",
    "metricPath": "Business Transaction Performance|Business Transactions|ECommerce-Services|Add To Cart|Average Request Size",
    "metricValues": [    {
      "count": 167,
      "current": 160,
      "max": 737,
      "min": 0,
      "occurrences": 0,
      "standardDeviation": 0,
      "startTimeInMillis": 1465356300000,
      "sum": 14853,
      "useRange": true,
      "value": 89
    }]
  },
  {
    "frequency": "ONE_MIN",
    "metricId": 43736,
    "metricName": "BTM|BTs|BT:528|Component:184|Number of Slow Calls",
    "metricPath": "Business Transaction Performance|Business Transactions|ECommerce-Services|Fetch Catalog - Mobile|Number of Slow Calls",
    "metricValues": [    {
      "count": 6,
      "current": 0,
      "max": 0,
      "min": 0,
      "occurrences": 0,
      "standardDeviation": 0,
      "startTimeInMillis": 1465356300000,
      "sum": 6,
      "useRange": false,
      "value": 6
    }]
  },
  {
    "frequency": "ONE_MIN",
    "metricId": 47509,
    "metricName": "BTM|BTs|BT:557|Component:184|Errors per Minute",
    "metricPath": "Business Transaction Performance|Business Transactions|ECommerce-Services|Login - Mobile|Errors per Minute",
    "metricValues": [    {
      "count": 0,
      "current": 0,
      "max": -2147483648,
      "min": 2147483647,
      "occurrences": 0,
      "standardDeviation": 0,
      "startTimeInMillis": 1465356300000,
      "sum": 0,
      "useRange": false,
      "value": 0
    }]
  },
  {
    "frequency": "ONE_MIN",
    "metricId": 47219,
    "metricName": "BTM|BTs|BT:553|Component:192|Average Wait Time (ms)",
    "metricPath": "Business Transaction Performance|Business Transactions|Web-Tier-Services|Login|Average Wait Time (ms)",
    "metricValues": [    {
      "count": 0,
      "current": 0,
      "max": -2147483648,
      "min": 2147483647,
      "occurrences": 0,
      "standardDeviation": 0,
      "startTimeInMillis": 1465356300000,
      "sum": 0,
      "useRange": true,
      "value": 0
    }]
  },
  {
    "frequency": "ONE_MIN",
    "metricId": 47227,
    "metricName": "BTM|BTs|BT:554|Component:184|Average Block Time (ms)",
    "metricPath": "Business Transaction Performance|Business Transactions|ECommerce-Services|Checkout|Average Block Time (ms)",
    "metricValues": [    {
      "count": 118,
      "current": 0,
      "max": 0,
      "min": 0,
      "occurrences": 0,
      "standardDeviation": 0,
      "startTimeInMillis": 1465356300000,
      "sum": 0,
      "useRange": true,
      "value": 0
    }]
  },
  {
    "frequency": "ONE_MIN",
    "metricId": 47390,
    "metricName": "BTM|BTs|BT:554|Component:184|95th Percentile Response Time (ms)",
    "metricPath": "Business Transaction Performance|Business Transactions|ECommerce-Services|Checkout|95th Percentile Response Time (ms)",
    "metricValues": [    {
      "count": 118,
      "current": 447,
      "max": 623,
      "min": 0,
      "occurrences": 0,
      "standardDeviation": 0,
      "startTimeInMillis": 1465356300000,
      "sum": 33816,
      "useRange": true,
      "value": 287
    }]
  },
  {
    "frequency": "ONE_MIN",
    "metricId": 47211,
    "metricName": "BTM|BTs|BT:553|Component:192|Average Response Time (ms)",
    "metricPath": "Business Transaction Performance|Business Transactions|Web-Tier-Services|Login|Average Response Time (ms)",
    "metricValues": [    {
      "count": 207,
      "current": 4,
      "max": 105,
      "min": 3,
      "occurrences": 0,
      "standardDeviation": 0,
      "startTimeInMillis": 1465356300000,
      "sum": 1021,
      "useRange": true,
      "value": 5
    }]
  },
  {
    "frequency": "ONE_MIN",
    "metricId": 47659,
    "metricName": "BTM|BTs|BT:560|Component:184|Calls per Minute",
    "metricPath": "Business Transaction Performance|Business Transactions|ECommerce-Services|Checkout - Mobile|Calls per Minute",
    "metricValues": [    {
      "count": 30,
      "current": 0,
      "max": 0,
      "min": 0,
      "occurrences": 0,
      "standardDeviation": 0,
      "startTimeInMillis": 1465356300000,
      "sum": 107,
      "useRange": false,
      "value": 7
    }]
  },
  {
    "frequency": "ONE_MIN",
    "metricId": 45350,
    "metricName": "BTM|BTs|BT:549|Component:184|Number of Very Slow Calls",
    "metricPath": "Business Transaction Performance|Business Transactions|ECommerce-Services|Fetch Catalog|Number of Very Slow Calls",
    "metricValues": [    {
      "count": 4,
      "current": 0,
      "max": 0,
      "min": 0,
      "occurrences": 0,
      "standardDeviation": 0,
      "startTimeInMillis": 1465356300000,
      "sum": 5,
      "useRange": false,
      "value": 5
    }]
  },
  {
    "frequency": "ONE_MIN",
    "metricId": 250483,
    "metricName": "BTM|BTs|BT:817|Component:192|Max Request Memory Size (bytes)",
    "metricPath": "Business Transaction Performance|Business Transactions|Web-Tier-Services|_APPDYNAMICS_DEFAULT_TX_|Max Request Memory Size (bytes)",
    "metricValues": [    {
      "count": 0,
      "current": 0,
      "max": 0,
      "min": 0,
      "occurrences": 0,
      "standardDeviation": 0,
      "startTimeInMillis": 1465356300000,
      "sum": 0,
      "useRange": true,
      "value": 0
    }]
  },
  {
    "frequency": "ONE_MIN",
    "metricId": 280871,
    "metricName": "BTM|BTs|BT:826|Component:185|Average CPU Used (ms)",
    "metricPath": "Business Transaction Performance|Business Transactions|Inventory-Services|_APPDYNAMICS_DEFAULT_TX_|Average CPU Used (ms)",
    "metricValues": [    {
      "count": 0,
      "current": 0,
      "max": -2147483648,
      "min": 2147483647,
      "occurrences": 0,
      "standardDeviation": 0,
      "startTimeInMillis": 1465356300000,
      "sum": 0,
      "useRange": true,
      "value": 0
    }]
  },
  {
    "frequency": "ONE_MIN",
    "metricId": 43724,
    "metricName": "BTM|BTs|BT:527|Component:184|Average Response Time (ms)",
    "metricPath": "Business Transaction Performance|Business Transactions|ECommerce-Services|Homepage|Average Response Time (ms)",
    "metricValues": [    {
      "count": 312,
      "current": 2,
      "max": 13,
      "min": 0,
      "occurrences": 0,
      "standardDeviation": 0,
      "startTimeInMillis": 1465356300000,
      "sum": 562,
      "useRange": true,
      "value": 2
    }]
  },
  {
    "frequency": "ONE_MIN",
    "metricId": 43729,
    "metricName": "BTM|BTs|BT:527|Component:184|Stall Count",
    "metricPath": "Business Transaction Performance|Business Transactions|ECommerce-Services|Homepage|Stall Count",
    "metricValues": [    {
      "count": 0,
      "current": 0,
      "max": -2147483648,
      "min": 2147483647,
      "occurrences": 0,
      "standardDeviation": 0,
      "startTimeInMillis": 1465356300000,
      "sum": 0,
      "useRange": false,
      "value": 0
    }]
  },
  {
    "frequency": "ONE_MIN",
    "metricId": 47515,
    "metricName": "BTM|BTs|BT:557|Component:184|Average Wait Time (ms)",
    "metricPath": "Business Transaction Performance|Business Transactions|ECommerce-Services|Login - Mobile|Average Wait Time (ms)",
    "metricValues": [    {
      "count": 2,
      "current": 0,
      "max": 0,
      "min": 0,
      "occurrences": 0,
      "standardDeviation": 0,
      "startTimeInMillis": 1465356300000,
      "sum": 0,
      "useRange": true,
      "value": 0
    }]
  },
  {
    "frequency": "ONE_MIN",
    "metricId": 280870,
    "metricName": "BTM|BTs|BT:826|Component:185|Stall Count",
    "metricPath": "Business Transaction Performance|Business Transactions|Inventory-Services|_APPDYNAMICS_DEFAULT_TX_|Stall Count",
    "metricValues": [    {
      "count": 0,
      "current": 0,
      "max": -2147483648,
      "min": 2147483647,
      "occurrences": 0,
      "standardDeviation": 0,
      "startTimeInMillis": 1465356300000,
      "sum": 0,
      "useRange": false,
      "value": 0
    }]
  },
  {
    "frequency": "ONE_MIN",
    "metricId": 250474,
    "metricName": "BTM|BTs|BT:817|Component:192|Number of Slow Calls",
    "metricPath": "Business Transaction Performance|Business Transactions|Web-Tier-Services|_APPDYNAMICS_DEFAULT_TX_|Number of Slow Calls",
    "metricValues": [    {
      "count": 0,
      "current": 0,
      "max": -2147483648,
      "min": 2147483647,
      "occurrences": 0,
      "standardDeviation": 0,
      "startTimeInMillis": 1465356300000,
      "sum": 0,
      "useRange": false,
      "value": 0
    }]
  },
  {
    "frequency": "ONE_MIN",
    "metricId": 47218,
    "metricName": "BTM|BTs|BT:553|Component:192|Average Block Time (ms)",
    "metricPath": "Business Transaction Performance|Business Transactions|Web-Tier-Services|Login|Average Block Time (ms)",
    "metricValues": [    {
      "count": 0,
      "current": 0,
      "max": -2147483648,
      "min": 2147483647,
      "occurrences": 0,
      "standardDeviation": 0,
      "startTimeInMillis": 1465356300000,
      "sum": 0,
      "useRange": true,
      "value": 0
    }]
  },
  {
    "frequency": "ONE_MIN",
    "metricId": 47226,
    "metricName": "BTM|BTs|BT:554|Component:184|Average CPU Used (ms)",
    "metricPath": "Business Transaction Performance|Business Transactions|ECommerce-Services|Checkout|Average CPU Used (ms)",
    "metricValues": [    {
      "count": 118,
      "current": 130,
      "max": 153,
      "min": 0,
      "occurrences": 0,
      "standardDeviation": 0,
      "startTimeInMillis": 1465356300000,
      "sum": 6829,
      "useRange": true,
      "value": 58
    }]
  },
  {
    "frequency": "ONE_MIN",
    "metricId": 250489,
    "metricName": "BTM|BTs|BT:817|Component:192|95th Percentile Response Time (ms)",
    "metricPath": "Business Transaction Performance|Business Transactions|Web-Tier-Services|_APPDYNAMICS_DEFAULT_TX_|95th Percentile Response Time (ms)",
    "metricValues": [    {
      "count": 0,
      "current": 0,
      "max": 0,
      "min": 0,
      "occurrences": 0,
      "standardDeviation": 0,
      "startTimeInMillis": 1465356300000,
      "sum": 0,
      "useRange": true,
      "value": 0
    }]
  },
  {
    "frequency": "ONE_MIN",
    "metricId": 47672,
    "metricName": "METRIC DATA NOT FOUND",
    "metricPath": "Business Transaction Performance|Business Transactions|ECommerce-Services|Add To Cart - Mobile|Average Request Size",
    "metricValues": []
  },
  {
    "frequency": "ONE_MIN",
    "metricId": 47758,
    "metricName": "BTM|BTs|BT:558|Component:184|95th Percentile Response Time (ms)",
    "metricPath": "Business Transaction Performance|Business Transactions|ECommerce-Services|Add To Cart - Mobile|95th Percentile Response Time (ms)",
    "metricValues": [    {
      "count": 107,
      "current": 1002,
      "max": 1101,
      "min": 0,
      "occurrences": 0,
      "standardDeviation": 0,
      "startTimeInMillis": 1465356300000,
      "sum": 107365,
      "useRange": true,
      "value": 1003
    }]
  },
  {
    "frequency": "ONE_MIN",
    "metricId": 47508,
    "metricName": "BTM|BTs|BT:557|Component:184|Calls per Minute",
    "metricPath": "Business Transaction Performance|Business Transactions|ECommerce-Services|Login - Mobile|Calls per Minute",
    "metricValues": [    {
      "count": 30,
      "current": 5,
      "max": 0,
      "min": 0,
      "occurrences": 0,
      "standardDeviation": 0,
      "startTimeInMillis": 1465356300000,
      "sum": 109,
      "useRange": false,
      "value": 7
    }]
  },
  {
    "frequency": "ONE_MIN",
    "metricId": 45349,
    "metricName": "BTM|BTs|BT:549|Component:184|Number of Slow Calls",
    "metricPath": "Business Transaction Performance|Business Transactions|ECommerce-Services|Fetch Catalog|Number of Slow Calls",
    "metricValues": [    {
      "count": 7,
      "current": 1,
      "max": 0,
      "min": 0,
      "occurrences": 0,
      "standardDeviation": 0,
      "startTimeInMillis": 1465356300000,
      "sum": 8,
      "useRange": false,
      "value": 8
    }]
  },
  {
    "frequency": "ONE_MIN",
    "metricId": 280536,
    "metricName": "BTM|BTs|BT:824|Component:184|Stall Count",
    "metricPath": "Business Transaction Performance|Business Transactions|ECommerce-Services|_APPDYNAMICS_DEFAULT_TX_|Stall Count",
    "metricValues": [    {
      "count": 0,
      "current": 0,
      "max": -2147483648,
      "min": 2147483647,
      "occurrences": 0,
      "standardDeviation": 0,
      "startTimeInMillis": 1465356300000,
      "sum": 0,
      "useRange": false,
      "value": 0
    }]
  },
  {
    "frequency": "ONE_MIN",
    "metricId": 47640,
    "metricName": "BTM|BTs|BT:558|Component:184|Average Response Time (ms)",
    "metricPath": "Business Transaction Performance|Business Transactions|ECommerce-Services|Add To Cart - Mobile|Average Response Time (ms)",
    "metricValues": [    {
      "count": 107,
      "current": 0,
      "max": 1101,
      "min": 0,
      "occurrences": 0,
      "standardDeviation": 0,
      "startTimeInMillis": 1465356300000,
      "sum": 107884,
      "useRange": true,
      "value": 1008
    }]
  },
  {
    "frequency": "ONE_MIN",
    "metricId": 47666,
    "metricName": "BTM|BTs|BT:560|Component:184|Average Wait Time (ms)",
    "metricPath": "Business Transaction Performance|Business Transactions|ECommerce-Services|Checkout - Mobile|Average Wait Time (ms)",
    "metricValues": [    {
      "count": 107,
      "current": 0,
      "max": 0,
      "min": 0,
      "occurrences": 0,
      "standardDeviation": 0,
      "startTimeInMillis": 1465356300000,
      "sum": 0,
      "useRange": true,
      "value": 0
    }]
  },
  {
    "frequency": "ONE_MIN",
    "metricId": 47212,
    "metricName": "BTM|BTs|BT:553|Component:192|Calls per Minute",
    "metricPath": "Business Transaction Performance|Business Transactions|Web-Tier-Services|Login|Calls per Minute",
    "metricValues": [    {
      "count": 15,
      "current": 13,
      "max": 0,
      "min": 0,
      "occurrences": 0,
      "standardDeviation": 0,
      "startTimeInMillis": 1465356300000,
      "sum": 207,
      "useRange": false,
      "value": 14
    }]
  },
  {
    "frequency": "ONE_MIN",
    "metricId": 47220,
    "metricName": "BTM|BTs|BT:554|Component:184|Average Response Time (ms)",
    "metricPath": "Business Transaction Performance|Business Transactions|ECommerce-Services|Checkout|Average Response Time (ms)",
    "metricValues": [    {
      "count": 118,
      "current": 516,
      "max": 623,
      "min": 0,
      "occurrences": 0,
      "standardDeviation": 0,
      "startTimeInMillis": 1465356300000,
      "sum": 27889,
      "useRange": true,
      "value": 236
    }]
  },
  {
    "frequency": "ONE_MIN",
    "metricId": 47233,
    "metricName": "BTM|BTs|BT:555|Component:184|Number of Very Slow Calls",
    "metricPath": "Business Transaction Performance|Business Transactions|ECommerce-Services|Add To Cart|Number of Very Slow Calls",
    "metricValues": [    {
      "count": 0,
      "current": 0,
      "max": -2147483648,
      "min": 2147483647,
      "occurrences": 0,
      "standardDeviation": 0,
      "startTimeInMillis": 1465356300000,
      "sum": 0,
      "useRange": false,
      "value": 0
    }]
  },
  {
    "frequency": "ONE_MIN",
    "metricId": 47238,
    "metricName": "BTM|BTs|BT:553|Component:192|Max Request Memory Size (bytes)",
    "metricPath": "Business Transaction Performance|Business Transactions|Web-Tier-Services|Login|Max Request Memory Size (bytes)",
    "metricValues": [    {
      "count": 207,
      "current": 0,
      "max": 0,
      "min": 0,
      "occurrences": 0,
      "standardDeviation": 0,
      "startTimeInMillis": 1465356300000,
      "sum": 0,
      "useRange": true,
      "value": 0
    }]
  },
  {
    "frequency": "ONE_MIN",
    "metricId": 280580,
    "metricName": "METRIC DATA NOT FOUND",
    "metricPath": "Business Transaction Performance|Business Transactions|ECommerce-Services|_APPDYNAMICS_DEFAULT_TX_|95th Percentile Response Time (ms)",
    "metricValues": []
  },
  {
    "frequency": "ONE_MIN",
    "metricId": 47679,
    "metricName": "BTM|BTs|BT:558|Component:184|Normal Average Response Time (ms)",
    "metricPath": "Business Transaction Performance|Business Transactions|ECommerce-Services|Add To Cart - Mobile|Normal Average Response Time (ms)",
    "metricValues": [    {
      "count": 107,
      "current": 1003,
      "max": 1101,
      "min": 0,
      "occurrences": 0,
      "standardDeviation": 0,
      "startTimeInMillis": 1465356300000,
      "sum": 107884,
      "useRange": true,
      "value": 1008
    }]
  },
  {
    "frequency": "ONE_MIN",
    "metricId": 280531,
    "metricName": "BTM|BTs|BT:824|Component:184|Average Response Time (ms)",
    "metricPath": "Business Transaction Performance|Business Transactions|ECommerce-Services|_APPDYNAMICS_DEFAULT_TX_|Average Response Time (ms)",
    "metricValues": [    {
      "count": 0,
      "current": 0,
      "max": -2147483648,
      "min": 2147483647,
      "occurrences": 0,
      "standardDeviation": 0,
      "startTimeInMillis": 1465356300000,
      "sum": 0,
      "useRange": true,
      "value": 0
    }]
  },
  {
    "frequency": "ONE_MIN",
    "metricId": 47213,
    "metricName": "BTM|BTs|BT:553|Component:192|Errors per Minute",
    "metricPath": "Business Transaction Performance|Business Transactions|Web-Tier-Services|Login|Errors per Minute",
    "metricValues": [    {
      "count": 0,
      "current": 0,
      "max": -2147483648,
      "min": 2147483647,
      "occurrences": 0,
      "standardDeviation": 0,
      "startTimeInMillis": 1465356300000,
      "sum": 0,
      "useRange": false,
      "value": 0
    }]
  },
  {
    "frequency": "ONE_MIN",
    "metricId": 47221,
    "metricName": "BTM|BTs|BT:554|Component:184|Calls per Minute",
    "metricPath": "Business Transaction Performance|Business Transactions|ECommerce-Services|Checkout|Calls per Minute",
    "metricValues": [    {
      "count": 30,
      "current": 7,
      "max": 0,
      "min": 0,
      "occurrences": 0,
      "standardDeviation": 0,
      "startTimeInMillis": 1465356300000,
      "sum": 118,
      "useRange": false,
      "value": 8
    }]
  },
  {
    "frequency": "ONE_MIN",
    "metricId": 47514,
    "metricName": "BTM|BTs|BT:557|Component:184|Average Block Time (ms)",
    "metricPath": "Business Transaction Performance|Business Transactions|ECommerce-Services|Login - Mobile|Average Block Time (ms)",
    "metricValues": [    {
      "count": 2,
      "current": 0,
      "max": 0,
      "min": 0,
      "occurrences": 0,
      "standardDeviation": 0,
      "startTimeInMillis": 1465356300000,
      "sum": 0,
      "useRange": true,
      "value": 0
    }]
  },
  {
    "frequency": "ONE_MIN",
    "metricId": 43738,
    "metricName": "BTM|BTs|BT:528|Component:184|Stall Count",
    "metricPath": "Business Transaction Performance|Business Transactions|ECommerce-Services|Fetch Catalog - Mobile|Stall Count",
    "metricValues": [    {
      "count": 0,
      "current": 0,
      "max": -2147483648,
      "min": 2147483647,
      "occurrences": 0,
      "standardDeviation": 0,
      "startTimeInMillis": 1465356300000,
      "sum": 0,
      "useRange": false,
      "value": 0
    }]
  },
  {
    "frequency": "ONE_MIN",
    "metricId": 47727,
    "metricName": "METRIC DATA NOT FOUND",
    "metricPath": "Business Transaction Performance|Business Transactions|ECommerce-Services|Checkout - Mobile|Average Request Size",
    "metricValues": []
  },
  {
    "frequency": "ONE_MIN",
    "metricId": 44448,
    "metricName": "BTM|BTs|BT:527|Component:184|95th Percentile Response Time (ms)",
    "metricPath": "Business Transaction Performance|Business Transactions|ECommerce-Services|Homepage|95th Percentile Response Time (ms)",
    "metricValues": [    {
      "count": 312,
      "current": 3,
      "max": 13,
      "min": 0,
      "occurrences": 0,
      "standardDeviation": 0,
      "startTimeInMillis": 1465356300000,
      "sum": 650,
      "useRange": true,
      "value": 2
    }]
  },
  {
    "frequency": "ONE_MIN",
    "metricId": 250479,
    "metricName": "BTM|BTs|BT:817|Component:192|Average Wait Time (ms)",
    "metricPath": "Business Transaction Performance|Business Transactions|Web-Tier-Services|_APPDYNAMICS_DEFAULT_TX_|Average Wait Time (ms)",
    "metricValues": [    {
      "count": 0,
      "current": 0,
      "max": -2147483648,
      "min": 2147483647,
      "occurrences": 0,
      "standardDeviation": 0,
      "startTimeInMillis": 1465356300000,
      "sum": 0,
      "useRange": true,
      "value": 0
    }]
  },
  {
    "frequency": "ONE_MIN",
    "metricId": 43812,
    "metricName": "BTM|BTs|BT:528|Component:184|Normal Average Response Time (ms)",
    "metricPath": "Business Transaction Performance|Business Transactions|ECommerce-Services|Fetch Catalog - Mobile|Normal Average Response Time (ms)",
    "metricValues": [    {
      "count": 126,
      "current": 1,
      "max": 5869,
      "min": 0,
      "occurrences": 0,
      "standardDeviation": 0,
      "startTimeInMillis": 1465356300000,
      "sum": 37224,
      "useRange": true,
      "value": 295
    }]
  },
  {
    "frequency": "ONE_MIN",
    "metricId": 47391,
    "metricName": "BTM|BTs|BT:555|Component:184|95th Percentile Response Time (ms)",
    "metricPath": "Business Transaction Performance|Business Transactions|ECommerce-Services|Add To Cart|95th Percentile Response Time (ms)",
    "metricValues": [    {
      "count": 167,
      "current": 56,
      "max": 71,
      "min": 0,
      "occurrences": 0,
      "standardDeviation": 0,
      "startTimeInMillis": 1465356300000,
      "sum": 4674,
      "useRange": true,
      "value": 28
    }]
  },
  {
    "frequency": "ONE_MIN",
    "metricId": 280544,
    "metricName": "METRIC DATA NOT FOUND",
    "metricPath": "Business Transaction Performance|Business Transactions|ECommerce-Services|_APPDYNAMICS_DEFAULT_TX_|Normal Average Response Time (ms)",
    "metricValues": []
  },
  {
    "frequency": "ONE_MIN",
    "metricId": 47660,
    "metricName": "BTM|BTs|BT:560|Component:184|Errors per Minute",
    "metricPath": "Business Transaction Performance|Business Transactions|ECommerce-Services|Checkout - Mobile|Errors per Minute",
    "metricValues": [    {
      "count": 0,
      "current": 0,
      "max": -2147483648,
      "min": 2147483647,
      "occurrences": 0,
      "standardDeviation": 0,
      "startTimeInMillis": 1465356300000,
      "sum": 0,
      "useRange": false,
      "value": 0
    }]
  },
  {
    "frequency": "ONE_MIN",
    "metricId": 47236,
    "metricName": "BTM|BTs|BT:555|Component:184|Average Block Time (ms)",
    "metricPath": "Business Transaction Performance|Business Transactions|ECommerce-Services|Add To Cart|Average Block Time (ms)",
    "metricValues": [    {
      "count": 167,
      "current": 0,
      "max": 0,
      "min": 0,
      "occurrences": 0,
      "standardDeviation": 0,
      "startTimeInMillis": 1465356300000,
      "sum": 0,
      "useRange": true,
      "value": 0
    }]
  },
  {
    "frequency": "ONE_MIN",
    "metricId": 280866,
    "metricName": "BTM|BTs|BT:826|Component:185|Calls per Minute",
    "metricPath": "Business Transaction Performance|Business Transactions|Inventory-Services|_APPDYNAMICS_DEFAULT_TX_|Calls per Minute",
    "metricValues": [    {
      "count": 0,
      "current": 0,
      "max": -2147483648,
      "min": 2147483647,
      "occurrences": 0,
      "standardDeviation": 0,
      "startTimeInMillis": 1465356300000,
      "sum": 0,
      "useRange": false,
      "value": 0
    }]
  },
  {
    "frequency": "ONE_MIN",
    "metricId": 47734,
    "metricName": "BTM|BTs|BT:560|Component:184|Normal Average Response Time (ms)",
    "metricPath": "Business Transaction Performance|Business Transactions|ECommerce-Services|Checkout - Mobile|Normal Average Response Time (ms)",
    "metricValues": [    {
      "count": 107,
      "current": 1,
      "max": 497,
      "min": 0,
      "occurrences": 0,
      "standardDeviation": 0,
      "startTimeInMillis": 1465356300000,
      "sum": 3884,
      "useRange": true,
      "value": 36
    }]
  },
  {
    "frequency": "ONE_MIN",
    "metricId": 280873,
    "metricName": "BTM|BTs|BT:826|Component:185|Average Wait Time (ms)",
    "metricPath": "Business Transaction Performance|Business Transactions|Inventory-Services|_APPDYNAMICS_DEFAULT_TX_|Average Wait Time (ms)",
    "metricValues": [    {
      "count": 0,
      "current": 0,
      "max": -2147483648,
      "min": 2147483647,
      "occurrences": 0,
      "standardDeviation": 0,
      "startTimeInMillis": 1465356300000,
      "sum": 0,
      "useRange": true,
      "value": 0
    }]
  },
  {
    "frequency": "ONE_MIN",
    "metricId": 280537,
    "metricName": "BTM|BTs|BT:824|Component:184|Average CPU Used (ms)",
    "metricPath": "Business Transaction Performance|Business Transactions|ECommerce-Services|_APPDYNAMICS_DEFAULT_TX_|Average CPU Used (ms)",
    "metricValues": [    {
      "count": 0,
      "current": 0,
      "max": -2147483648,
      "min": 2147483647,
      "occurrences": 0,
      "standardDeviation": 0,
      "startTimeInMillis": 1465356300000,
      "sum": 0,
      "useRange": true,
      "value": 0
    }]
  },
  {
    "frequency": "ONE_MIN",
    "metricId": 250472,
    "metricName": "BTM|BTs|BT:817|Component:192|Calls per Minute",
    "metricPath": "Business Transaction Performance|Business Transactions|Web-Tier-Services|_APPDYNAMICS_DEFAULT_TX_|Calls per Minute",
    "metricValues": [    {
      "count": 15,
      "current": 0,
      "max": 0,
      "min": 0,
      "occurrences": 0,
      "standardDeviation": 0,
      "startTimeInMillis": 1465356300000,
      "sum": 0,
      "useRange": false,
      "value": 0
    }]
  },
  {
    "frequency": "ONE_MIN",
    "metricId": 47646,
    "metricName": "BTM|BTs|BT:558|Component:184|Average CPU Used (ms)",
    "metricPath": "Business Transaction Performance|Business Transactions|ECommerce-Services|Add To Cart - Mobile|Average CPU Used (ms)",
    "metricValues": [    {
      "count": 107,
      "current": 0,
      "max": 4,
      "min": 0,
      "occurrences": 0,
      "standardDeviation": 0,
      "startTimeInMillis": 1465356300000,
      "sum": 136,
      "useRange": true,
      "value": 1
    }]
  },
  {
    "frequency": "ONE_MIN",
    "metricId": 47507,
    "metricName": "BTM|BTs|BT:557|Component:184|Average Response Time (ms)",
    "metricPath": "Business Transaction Performance|Business Transactions|ECommerce-Services|Login - Mobile|Average Response Time (ms)",
    "metricValues": [    {
      "count": 109,
      "current": 2,
      "max": 25,
      "min": 0,
      "occurrences": 0,
      "standardDeviation": 0,
      "startTimeInMillis": 1465356300000,
      "sum": 248,
      "useRange": true,
      "value": 2
    }]
  },
  {
    "frequency": "ONE_MIN",
    "metricId": 43731,
    "metricName": "BTM|BTs|BT:527|Component:184|Average Block Time (ms)",
    "metricPath": "Business Transaction Performance|Business Transactions|ECommerce-Services|Homepage|Average Block Time (ms)",
    "metricValues": [    {
      "count": 8,
      "current": 0,
      "max": 0,
      "min": 0,
      "occurrences": 0,
      "standardDeviation": 0,
      "startTimeInMillis": 1465356300000,
      "sum": 0,
      "useRange": true,
      "value": 0
    }]
  },
  {
    "frequency": "ONE_MIN",
    "metricId": 47229,
    "metricName": "BTM|BTs|BT:555|Component:184|Average Response Time (ms)",
    "metricPath": "Business Transaction Performance|Business Transactions|ECommerce-Services|Add To Cart|Average Response Time (ms)",
    "metricValues": [    {
      "count": 167,
      "current": 16,
      "max": 71,
      "min": 0,
      "occurrences": 0,
      "standardDeviation": 0,
      "startTimeInMillis": 1465356300000,
      "sum": 3951,
      "useRange": true,
      "value": 24
    }]
  },
  {
    "frequency": "ONE_MIN",
    "metricId": 47235,
    "metricName": "BTM|BTs|BT:555|Component:184|Average CPU Used (ms)",
    "metricPath": "Business Transaction Performance|Business Transactions|ECommerce-Services|Add To Cart|Average CPU Used (ms)",
    "metricValues": [    {
      "count": 167,
      "current": 3,
      "max": 12,
      "min": 0,
      "occurrences": 0,
      "standardDeviation": 0,
      "startTimeInMillis": 1465356300000,
      "sum": 1053,
      "useRange": true,
      "value": 6
    }]
  },
  {
    "frequency": "ONE_MIN",
    "metricId": 47214,
    "metricName": "BTM|BTs|BT:553|Component:192|Number of Slow Calls",
    "metricPath": "Business Transaction Performance|Business Transactions|Web-Tier-Services|Login|Number of Slow Calls",
    "metricValues": [    {
      "count": 0,
      "current": 0,
      "max": -2147483648,
      "min": 2147483647,
      "occurrences": 0,
      "standardDeviation": 0,
      "startTimeInMillis": 1465356300000,
      "sum": 0,
      "useRange": false,
      "value": 0
    }]
  },
  {
    "frequency": "ONE_MIN",
    "metricId": 250484,
    "metricName": "BTM|BTs|BT:817|Component:192|Normal Average Response Time (ms)",
    "metricPath": "Business Transaction Performance|Business Transactions|Web-Tier-Services|_APPDYNAMICS_DEFAULT_TX_|Normal Average Response Time (ms)",
    "metricValues": [    {
      "count": 0,
      "current": 0,
      "max": 0,
      "min": 0,
      "occurrences": 0,
      "standardDeviation": 0,
      "startTimeInMillis": 1465356300000,
      "sum": 0,
      "useRange": true,
      "value": 0
    }]
  },
  {
    "frequency": "ONE_MIN",
    "metricId": 44449,
    "metricName": "BTM|BTs|BT:528|Component:184|95th Percentile Response Time (ms)",
    "metricPath": "Business Transaction Performance|Business Transactions|ECommerce-Services|Fetch Catalog - Mobile|95th Percentile Response Time (ms)",
    "metricValues": [    {
      "count": 144,
      "current": 1,
      "max": 11344,
      "min": 0,
      "occurrences": 0,
      "standardDeviation": 0,
      "startTimeInMillis": 1465356300000,
      "sum": 182778,
      "useRange": true,
      "value": 1269
    }]
  },
  {
    "frequency": "ONE_MIN",
    "metricId": 47222,
    "metricName": "BTM|BTs|BT:554|Component:184|Errors per Minute",
    "metricPath": "Business Transaction Performance|Business Transactions|ECommerce-Services|Checkout|Errors per Minute",
    "metricValues": [    {
      "count": 30,
      "current": 3,
      "max": 0,
      "min": 0,
      "occurrences": 0,
      "standardDeviation": 0,
      "startTimeInMillis": 1465356300000,
      "sum": 19,
      "useRange": false,
      "value": 1
    }]
  },
  {
    "frequency": "ONE_MIN",
    "metricId": 47661,
    "metricName": "BTM|BTs|BT:560|Component:184|Number of Slow Calls",
    "metricPath": "Business Transaction Performance|Business Transactions|ECommerce-Services|Checkout - Mobile|Number of Slow Calls",
    "metricValues": [    {
      "count": 0,
      "current": 0,
      "max": 0,
      "min": 0,
      "occurrences": 0,
      "standardDeviation": 0,
      "startTimeInMillis": 1465356300000,
      "sum": 0,
      "useRange": false,
      "value": 0
    }]
  },
  {
    "frequency": "ONE_MIN",
    "metricId": 47317,
    "metricName": "BTM|BTs|BT:554|Component:184|Normal Average Response Time (ms)",
    "metricPath": "Business Transaction Performance|Business Transactions|ECommerce-Services|Checkout|Normal Average Response Time (ms)",
    "metricValues": [    {
      "count": 99,
      "current": 1021,
      "max": 623,
      "min": 0,
      "occurrences": 0,
      "standardDeviation": 0,
      "startTimeInMillis": 1465356300000,
      "sum": 23809,
      "useRange": true,
      "value": 240
    }]
  },
  {
    "frequency": "ONE_MIN",
    "metricId": 45348,
    "metricName": "BTM|BTs|BT:549|Component:184|Errors per Minute",
    "metricPath": "Business Transaction Performance|Business Transactions|ECommerce-Services|Fetch Catalog|Errors per Minute",
    "metricValues": [    {
      "count": 30,
      "current": 0,
      "max": 0,
      "min": 0,
      "occurrences": 0,
      "standardDeviation": 0,
      "startTimeInMillis": 1465356300000,
      "sum": 7,
      "useRange": false,
      "value": 0
    }]
  },
  {
    "frequency": "ONE_MIN",
    "metricId": 280865,
    "metricName": "BTM|BTs|BT:826|Component:185|Average Response Time (ms)",
    "metricPath": "Business Transaction Performance|Business Transactions|Inventory-Services|_APPDYNAMICS_DEFAULT_TX_|Average Response Time (ms)",
    "metricValues": [    {
      "count": 0,
      "current": 0,
      "max": -2147483648,
      "min": 2147483647,
      "occurrences": 0,
      "standardDeviation": 0,
      "startTimeInMillis": 1465356300000,
      "sum": 0,
      "useRange": true,
      "value": 0
    }]
  },
  {
    "frequency": "ONE_MIN",
    "metricId": 47513,
    "metricName": "BTM|BTs|BT:557|Component:184|Average CPU Used (ms)",
    "metricPath": "Business Transaction Performance|Business Transactions|ECommerce-Services|Login - Mobile|Average CPU Used (ms)",
    "metricValues": [    {
      "count": 2,
      "current": 0,
      "max": 1,
      "min": 0,
      "occurrences": 0,
      "standardDeviation": 0,
      "startTimeInMillis": 1465356300000,
      "sum": 2,
      "useRange": true,
      "value": 1
    }]
  },
  {
    "frequency": "ONE_MIN",
    "metricId": 43737,
    "metricName": "BTM|BTs|BT:528|Component:184|Number of Very Slow Calls",
    "metricPath": "Business Transaction Performance|Business Transactions|ECommerce-Services|Fetch Catalog - Mobile|Number of Very Slow Calls",
    "metricValues": [    {
      "count": 4,
      "current": 0,
      "max": 0,
      "min": 0,
      "occurrences": 0,
      "standardDeviation": 0,
      "startTimeInMillis": 1465356300000,
      "sum": 6,
      "useRange": false,
      "value": 6
    }]
  },
  {
    "frequency": "ONE_MIN",
    "metricId": 47228,
    "metricName": "BTM|BTs|BT:554|Component:184|Average Wait Time (ms)",
    "metricPath": "Business Transaction Performance|Business Transactions|ECommerce-Services|Checkout|Average Wait Time (ms)",
    "metricValues": [    {
      "count": 118,
      "current": 0,
      "max": 0,
      "min": 0,
      "occurrences": 0,
      "standardDeviation": 0,
      "startTimeInMillis": 1465356300000,
      "sum": 0,
      "useRange": true,
      "value": 0
    }]
  },
  {
    "frequency": "ONE_MIN",
    "metricId": 280872,
    "metricName": "BTM|BTs|BT:826|Component:185|Average Block Time (ms)",
    "metricPath": "Business Transaction Performance|Business Transactions|Inventory-Services|_APPDYNAMICS_DEFAULT_TX_|Average Block Time (ms)",
    "metricValues": [    {
      "count": 0,
      "current": 0,
      "max": -2147483648,
      "min": 2147483647,
      "occurrences": 0,
      "standardDeviation": 0,
      "startTimeInMillis": 1465356300000,
      "sum": 0,
      "useRange": true,
      "value": 0
    }]
  },
  {
    "frequency": "ONE_MIN",
    "metricId": 43730,
    "metricName": "BTM|BTs|BT:527|Component:184|Average CPU Used (ms)",
    "metricPath": "Business Transaction Performance|Business Transactions|ECommerce-Services|Homepage|Average CPU Used (ms)",
    "metricValues": [    {
      "count": 8,
      "current": 0,
      "max": 2,
      "min": 0,
      "occurrences": 0,
      "standardDeviation": 0,
      "startTimeInMillis": 1465356300000,
      "sum": 8,
      "useRange": true,
      "value": 1
    }]
  },
  {
    "frequency": "ONE_MIN",
    "metricId": 280538,
    "metricName": "BTM|BTs|BT:824|Component:184|Average Block Time (ms)",
    "metricPath": "Business Transaction Performance|Business Transactions|ECommerce-Services|_APPDYNAMICS_DEFAULT_TX_|Average Block Time (ms)",
    "metricValues": [    {
      "count": 0,
      "current": 0,
      "max": -2147483648,
      "min": 2147483647,
      "occurrences": 0,
      "standardDeviation": 0,
      "startTimeInMillis": 1465356300000,
      "sum": 0,
      "useRange": true,
      "value": 0
    }]
  },
  {
    "frequency": "ONE_MIN",
    "metricId": 47525,
    "metricName": "BTM|BTs|BT:557|Component:184|Normal Average Response Time (ms)",
    "metricPath": "Business Transaction Performance|Business Transactions|ECommerce-Services|Login - Mobile|Normal Average Response Time (ms)",
    "metricValues": [    {
      "count": 109,
      "current": 4,
      "max": 25,
      "min": 0,
      "occurrences": 0,
      "standardDeviation": 0,
      "startTimeInMillis": 1465356300000,
      "sum": 248,
      "useRange": true,
      "value": 2
    }]
  },
  {
    "frequency": "ONE_MIN",
    "metricId": 47645,
    "metricName": "BTM|BTs|BT:558|Component:184|Stall Count",
    "metricPath": "Business Transaction Performance|Business Transactions|ECommerce-Services|Add To Cart - Mobile|Stall Count",
    "metricValues": [    {
      "count": 0,
      "current": 0,
      "max": -2147483648,
      "min": 2147483647,
      "occurrences": 0,
      "standardDeviation": 0,
      "startTimeInMillis": 1465356300000,
      "sum": 0,
      "useRange": false,
      "value": 0
    }]
  },
  {
    "frequency": "ONE_MIN",
    "metricId": 250473,
    "metricName": "BTM|BTs|BT:817|Component:192|Errors per Minute",
    "metricPath": "Business Transaction Performance|Business Transactions|Web-Tier-Services|_APPDYNAMICS_DEFAULT_TX_|Errors per Minute",
    "metricValues": [    {
      "count": 0,
      "current": 0,
      "max": -2147483648,
      "min": 2147483647,
      "occurrences": 0,
      "standardDeviation": 0,
      "startTimeInMillis": 1465356300000,
      "sum": 0,
      "useRange": false,
      "value": 0
    }]
  },
  {
    "frequency": "ONE_MIN",
    "metricId": 45584,
    "metricName": "BTM|BTs|BT:549|Component:184|Normal Average Response Time (ms)",
    "metricPath": "Business Transaction Performance|Business Transactions|ECommerce-Services|Fetch Catalog|Normal Average Response Time (ms)",
    "metricValues": [    {
      "count": 167,
      "current": 10,
      "max": 4539,
      "min": 0,
      "occurrences": 0,
      "standardDeviation": 0,
      "startTimeInMillis": 1465356300000,
      "sum": 14176,
      "useRange": true,
      "value": 85
    }]
  }
]
