[
  {
    "metricName": "Custom Metrics|ABCD|Client|OC|XYZ_uhd|operation_name|PQK|ART (ms)",
    "metricId": 172343,
    "metricPath": "Application Infrastructure Performance|Datasource|Custom Metrics|ABCD|Client|OC|XYZ_uhd|operation_name|PQK|ART (ms)",
    "frequency": "ONE_MIN",
    "metricValues":     [
      {
        "occurrences": 1,
        "current": 320,
        "min": 320,
        "max": 320,
        "startTimeInMillis": 1484298240000,
        "useRange": false,
        "count": 1,
        "sum": 320,
        "value": 320,
        "standardDeviation": 0
      },
      {
        "occurrences": 1,
        "current": 320,
        "min": 320,
        "max": 320,
        "startTimeInMillis": 1484298360000,
        "useRange": false,
        "count": 1,
        "sum": 320,
        "value": 320,
        "standardDeviation": 0
      },
      {
        "occurrences": 1,
        "current": 320,
        "min": 320,
        "max": 320,
        "startTimeInMillis": 1484298420000,
        "useRange": false,
        "count": 1,
        "sum": 320,
        "value": 320,
        "standardDeviation": 0
      },
      {
        "occurrences": 1,
        "current": 320,
        "min": 320,
        "max": 320,
        "startTimeInMillis": 1484298480000,
        "useRange": false,
        "count": 1,
        "sum": 320,
        "value": 320,
        "standardDeviation": 0
      },
      {
        "occurrences": 1,
        "current": 320,
        "min": 320,
        "max": 320,
        "startTimeInMillis": 1484298540000,
        "useRange": false,
        "count": 1,
        "sum": 320,
        "value": 320,
        "standardDeviation": 0
      },
      {
        "occurrences": 1,
        "current": 0,
        "min": 0,
        "max": 0,
        "startTimeInMillis": 1484298600000,
        "useRange": false,
        "count": 0,
        "sum": 0,
        "value": 0,
        "standardDeviation": 0
      },
      {
        "occurrences": 1,
        "current": 320,
        "min": 320,
        "max": 320,
        "startTimeInMillis": 1484298660000,
        "useRange": false,
        "count": 1,
        "sum": 320,
        "value": 320,
        "standardDeviation": 0
      },
      {
        "occurrences": 1,
        "current": 320,
        "min": 320,
        "max": 320,
        "startTimeInMillis": 1484298720000,
        "useRange": false,
        "count": 1,
        "sum": 320,
        "value": 320,
        "standardDeviation": 0
      },
      {
        "occurrences": 1,
        "current": 320,
        "min": 320,
        "max": 320,
        "startTimeInMillis": 1484298780000,
        "useRange": false,
        "count": 1,
        "sum": 320,
        "value": 320,
        "standardDeviation": 0
      },
      {
        "occurrences": 1,
        "current": 320,
        "min": 320,
        "max": 320,
        "startTimeInMillis": 1484298840000,
        "useRange": false,
        "count": 1,
        "sum": 320,
        "value": 320,
        "standardDeviation": 0
      },
      {
        "occurrences": 1,
        "current": 320,
        "min": 320,
        "max": 320,
        "startTimeInMillis": 1484298900000,
        "useRange": false,
        "count": 1,
        "sum": 320,
        "value": 320,
        "standardDeviation": 0
      },
      {
        "occurrences": 1,
        "current": 320,
        "min": 320,
        "max": 320,
        "startTimeInMillis": 1484298960000,
        "useRange": false,
        "count": 1,
        "sum": 320,
        "value": 320,
        "standardDeviation": 0
      },
      {
        "occurrences": 1,
        "current": 320,
        "min": 320,
        "max": 320,
        "startTimeInMillis": 1484299020000,
        "useRange": false,
        "count": 1,
        "sum": 320,
        "value": 320,
        "standardDeviation": 0
      },
      {
        "occurrences": 1,
        "current": 320,
        "min": 320,
        "max": 320,
        "startTimeInMillis": 1484299080000,
        "useRange": false,
        "count": 1,
        "sum": 320,
        "value": 320,
        "standardDeviation": 0
      },
      {
        "occurrences": 1,
        "current": 320,
        "min": 320,
        "max": 320,
        "startTimeInMillis": 1484299140000,
        "useRange": false,
        "count": 1,
        "sum": 320,
        "value": 320,
        "standardDeviation": 0
      },
      {
        "occurrences": 1,
        "current": 200,
        "min": 200,
        "max": 200,
        "startTimeInMillis": 1484299200000,
        "useRange": false,
        "count": 1,
        "sum": 200,
        "value": 200,
        "standardDeviation": 0
      },
      {
        "occurrences": 1,
        "current": 200,
        "min": 200,
        "max": 200,
        "startTimeInMillis": 1484299260000,
        "useRange": false,
        "count": 1,
        "sum": 200,
        "value": 200,
        "standardDeviation": 0
      },
      {
        "occurrences": 1,
        "current": 200,
        "min": 200,
        "max": 200,
        "startTimeInMillis": 1484299320000,
        "useRange": false,
        "count": 1,
        "sum": 200,
        "value": 200,
        "standardDeviation": 0
      },
      {
        "occurrences": 1,
        "current": 80,
        "min": 80,
        "max": 80,
        "startTimeInMillis": 1484299380000,
        "useRange": false,
        "count": 1,
        "sum": 80,
        "value": 80,
        "standardDeviation": 0
      },
      {
        "occurrences": 1,
        "current": 80,
        "min": 80,
        "max": 80,
        "startTimeInMillis": 1484299440000,
        "useRange": false,
        "count": 1,
        "sum": 80,
        "value": 80,
        "standardDeviation": 0
      },
      {
        "occurrences": 1,
        "current": 80,
        "min": 80,
        "max": 80,
        "startTimeInMillis": 1484299500000,
        "useRange": false,
        "count": 1,
        "sum": 80,
        "value": 80,
        "standardDeviation": 0
      },
      {
        "occurrences": 1,
        "current": 80,
        "min": 80,
        "max": 80,
        "startTimeInMillis": 1484299560000,
        "useRange": false,
        "count": 1,
        "sum": 80,
        "value": 80,
        "standardDeviation": 0
      },
      {
        "occurrences": 1,
        "current": 80,
        "min": 80,
        "max": 80,
        "startTimeInMillis": 1484299620000,
        "useRange": false,
        "count": 1,
        "sum": 80,
        "value": 80,
        "standardDeviation": 0
      },
      {
        "occurrences": 1,
        "current": 80,
        "min": 80,
        "max": 80,
        "startTimeInMillis": 1484299680000,
        "useRange": false,
        "count": 1,
        "sum": 80,
        "value": 80,
        "standardDeviation": 0
      },
      {
        "occurrences": 1,
        "current": 80,
        "min": 80,
        "max": 80,
        "startTimeInMillis": 1484299740000,
        "useRange": false,
        "count": 1,
        "sum": 80,
        "value": 80,
        "standardDeviation": 0
      },
      {
        "occurrences": 1,
        "current": 80,
        "min": 80,
        "max": 80,
        "startTimeInMillis": 1484299800000,
        "useRange": false,
        "count": 1,
        "sum": 80,
        "value": 80,
        "standardDeviation": 0
      },
      {
        "occurrences": 1,
        "current": 80,
        "min": 80,
        "max": 80,
        "startTimeInMillis": 1484299860000,
        "useRange": false,
        "count": 1,
        "sum": 80,
        "value": 80,
        "standardDeviation": 0
      },
      {
        "occurrences": 1,
        "current": 80,
        "min": 80,
        "max": 80,
        "startTimeInMillis": 1484299920000,
        "useRange": false,
        "count": 1,
        "sum": 80,
        "value": 80,
        "standardDeviation": 0
      },
      {
        "occurrences": 1,
        "current": 80,
        "min": 80,
        "max": 80,
        "startTimeInMillis": 1484299980000,
        "useRange": false,
        "count": 1,
        "sum": 80,
        "value": 80,
        "standardDeviation": 0
      },
      {
        "occurrences": 1,
        "current": 0,
        "min": 0,
        "max": 0,
        "startTimeInMillis": 1484300040000,
        "useRange": false,
        "count": 0,
        "sum": 0,
        "value": 0,
        "standardDeviation": 0
      },
      {
        "occurrences": 1,
        "current": 0,
        "min": 0,
        "max": 0,
        "startTimeInMillis": 1484300100000,
        "useRange": false,
        "count": 0,
        "sum": 0,
        "value": 0,
        "standardDeviation": 0
      },
      {
        "occurrences": 1,
        "current": 0,
        "min": 0,
        "max": 0,
        "startTimeInMillis": 1484300160000,
        "useRange": false,
        "count": 0,
        "sum": 0,
        "value": 0,
        "standardDeviation": 0
      },
      {
        "occurrences": 1,
        "current": 0,
        "min": 0,
        "max": 0,
        "startTimeInMillis": 1484300220000,
        "useRange": false,
        "count": 0,
        "sum": 0,
        "value": 0,
        "standardDeviation": 0
      },
      {
        "occurrences": 1,
        "current": 0,
        "min": 0,
        "max": 0,
        "startTimeInMillis": 1484300280000,
        "useRange": false,
        "count": 0,
        "sum": 0,
        "value": 0,
        "standardDeviation": 0
      },
      {
        "occurrences": 1,
        "current": 0,
        "min": 0,
        "max": 0,
        "startTimeInMillis": 1484300340000,
        "useRange": false,
        "count": 0,
        "sum": 0,
        "value": 0,
        "standardDeviation": 0
      },
      {
        "occurrences": 1,
        "current": 80,
        "min": 80,
        "max": 80,
        "startTimeInMillis": 1484300400000,
        "useRange": false,
        "count": 1,
        "sum": 80,
        "value": 80,
        "standardDeviation": 0
      },
      {
        "occurrences": 1,
        "current": 80,
        "min": 80,
        "max": 80,
        "startTimeInMillis": 1484300460000,
        "useRange": false,
        "count": 1,
        "sum": 80,
        "value": 80,
        "standardDeviation": 0
      },
      {
        "occurrences": 1,
        "current": 240,
        "min": 240,
        "max": 240,
        "startTimeInMillis": 1484300520000,
        "useRange": false,
        "count": 1,
        "sum": 240,
        "value": 240,
        "standardDeviation": 0
      },
      {
        "occurrences": 1,
        "current": 400,
        "min": 400,
        "max": 400,
        "startTimeInMillis": 1484300580000,
        "useRange": false,
        "count": 1,
        "sum": 400,
        "value": 400,
        "standardDeviation": 0
      },
      {
        "occurrences": 1,
        "current": 400,
        "min": 400,
        "max": 400,
        "startTimeInMillis": 1484300640000,
        "useRange": false,
        "count": 1,
        "sum": 400,
        "value": 400,
        "standardDeviation": 0
      },
      {
        "occurrences": 1,
        "current": 400,
        "min": 400,
        "max": 400,
        "startTimeInMillis": 1484300700000,
        "useRange": false,
        "count": 1,
        "sum": 400,
        "value": 400,
        "standardDeviation": 0
      },
      {
        "occurrences": 1,
        "current": 400,
        "min": 400,
        "max": 400,
        "startTimeInMillis": 1484300760000,
        "useRange": false,
        "count": 1,
        "sum": 400,
        "value": 400,
        "standardDeviation": 0
      },
      {
        "occurrences": 1,
        "current": 400,
        "min": 400,
        "max": 400,
        "startTimeInMillis": 1484300820000,
        "useRange": false,
        "count": 1,
        "sum": 400,
        "value": 400,
        "standardDeviation": 0
      },
      {
        "occurrences": 1,
        "current": 400,
        "min": 400,
        "max": 400,
        "startTimeInMillis": 1484300880000,
        "useRange": false,
        "count": 1,
        "sum": 400,
        "value": 400,
        "standardDeviation": 0
      },
      {
        "occurrences": 1,
        "current": 400,
        "min": 400,
        "max": 400,
        "startTimeInMillis": 1484300940000,
        "useRange": false,
        "count": 1,
        "sum": 400,
        "value": 400,
        "standardDeviation": 0
      },
      {
        "occurrences": 1,
        "current": 400,
        "min": 400,
        "max": 400,
        "startTimeInMillis": 1484301000000,
        "useRange": false,
        "count": 1,
        "sum": 400,
        "value": 400,
        "standardDeviation": 0
      },
      {
        "occurrences": 1,
        "current": 400,
        "min": 400,
        "max": 400,
        "startTimeInMillis": 1484301060000,
        "useRange": false,
        "count": 1,
        "sum": 400,
        "value": 400,
        "standardDeviation": 0
      },
      {
        "occurrences": 1,
        "current": 400,
        "min": 400,
        "max": 400,
        "startTimeInMillis": 1484301120000,
        "useRange": false,
        "count": 1,
        "sum": 400,
        "value": 400,
        "standardDeviation": 0
      },
      {
        "occurrences": 1,
        "current": 400,
        "min": 400,
        "max": 400,
        "startTimeInMillis": 1484301180000,
        "useRange": false,
        "count": 1,
        "sum": 400,
        "value": 400,
        "standardDeviation": 0
      },
      {
        "occurrences": 1,
        "current": 400,
        "min": 400,
        "max": 400,
        "startTimeInMillis": 1484301240000,
        "useRange": false,
        "count": 1,
        "sum": 400,
        "value": 400,
        "standardDeviation": 0
      },
      {
        "occurrences": 1,
        "current": 400,
        "min": 400,
        "max": 400,
        "startTimeInMillis": 1484301300000,
        "useRange": false,
        "count": 1,
        "sum": 400,
        "value": 400,
        "standardDeviation": 0
      },
      {
        "occurrences": 1,
        "current": 400,
        "min": 400,
        "max": 400,
        "startTimeInMillis": 1484301360000,
        "useRange": false,
        "count": 1,
        "sum": 400,
        "value": 400,
        "standardDeviation": 0
      },
      {
        "occurrences": 1,
        "current": 0,
        "min": 0,
        "max": 0,
        "startTimeInMillis": 1484301420000,
        "useRange": false,
        "count": 0,
        "sum": 0,
        "value": 0,
        "standardDeviation": 0
      },
      {
        "occurrences": 1,
        "current": 0,
        "min": 0,
        "max": 0,
        "startTimeInMillis": 1484301480000,
        "useRange": false,
        "count": 0,
        "sum": 0,
        "value": 0,
        "standardDeviation": 0
      },
      {
        "occurrences": 1,
        "current": 0,
        "min": 0,
        "max": 0,
        "startTimeInMillis": 1484301540000,
        "useRange": false,
        "count": 0,
        "sum": 0,
        "value": 0,
        "standardDeviation": 0
      },
      {
        "occurrences": 1,
        "current": 80,
        "min": 80,
        "max": 80,
        "startTimeInMillis": 1484301600000,
        "useRange": false,
        "count": 1,
        "sum": 80,
        "value": 80,
        "standardDeviation": 0
      },
      {
        "occurrences": 1,
        "current": 80,
        "min": 80,
        "max": 80,
        "startTimeInMillis": 1484301660000,
        "useRange": false,
        "count": 1,
        "sum": 80,
        "value": 80,
        "standardDeviation": 0
      },
      {
        "occurrences": 1,
        "current": 240,
        "min": 240,
        "max": 240,
        "startTimeInMillis": 1484301720000,
        "useRange": false,
        "count": 1,
        "sum": 240,
        "value": 240,
        "standardDeviation": 0
      },
      {
        "occurrences": 1,
        "current": 240,
        "min": 240,
        "max": 240,
        "startTimeInMillis": 1484301780000,
        "useRange": false,
        "count": 1,
        "sum": 240,
        "value": 240,
        "standardDeviation": 0
      },
      {
        "occurrences": 1,
        "current": 240,
        "min": 240,
        "max": 240,
        "startTimeInMillis": 1484301840000,
        "useRange": false,
        "count": 1,
        "sum": 240,
        "value": 240,
        "standardDeviation": 0
      },
      {
        "occurrences": 1,
        "current": 400,
        "min": 400,
        "max": 400,
        "startTimeInMillis": 1484301900000,
        "useRange": false,
        "count": 1,
        "sum": 400,
        "value": 400,
        "standardDeviation": 0
      },
      {
        "occurrences": 1,
        "current": 400,
        "min": 400,
        "max": 400,
        "startTimeInMillis": 1484301960000,
        "useRange": false,
        "count": 1,
        "sum": 400,
        "value": 400,
        "standardDeviation": 0
      },
      {
        "occurrences": 1,
        "current": 400,
        "min": 400,
        "max": 400,
        "startTimeInMillis": 1484302020000,
        "useRange": false,
        "count": 1,
        "sum": 400,
        "value": 400,
        "standardDeviation": 0
      },
      {
        "occurrences": 1,
        "current": 400,
        "min": 400,
        "max": 400,
        "startTimeInMillis": 1484302080000,
        "useRange": false,
        "count": 1,
        "sum": 400,
        "value": 400,
        "standardDeviation": 0
      },
      {
        "occurrences": 1,
        "current": 400,
        "min": 400,
        "max": 400,
        "startTimeInMillis": 1484302140000,
        "useRange": false,
        "count": 1,
        "sum": 400,
        "value": 400,
        "standardDeviation": 0
      },
      {
        "occurrences": 1,
        "current": 400,
        "min": 400,
        "max": 400,
        "startTimeInMillis": 1484302200000,
        "useRange": false,
        "count": 1,
        "sum": 400,
        "value": 400,
        "standardDeviation": 0
      },
      {
        "occurrences": 1,
        "current": 400,
        "min": 400,
        "max": 400,
        "startTimeInMillis": 1484302260000,
        "useRange": false,
        "count": 1,
        "sum": 400,
        "value": 400,
        "standardDeviation": 0
      },
      {
        "occurrences": 1,
        "current": 400,
        "min": 400,
        "max": 400,
        "startTimeInMillis": 1484302320000,
        "useRange": false,
        "count": 1,
        "sum": 400,
        "value": 400,
        "standardDeviation": 0
      },
      {
        "occurrences": 1,
        "current": 400,
        "min": 400,
        "max": 400,
        "startTimeInMillis": 1484302380000,
        "useRange": false,
        "count": 1,
        "sum": 400,
        "value": 400,
        "standardDeviation": 0
      },
      {
        "occurrences": 1,
        "current": 400,
        "min": 400,
        "max": 400,
        "startTimeInMillis": 1484302440000,
        "useRange": false,
        "count": 1,
        "sum": 400,
        "value": 400,
        "standardDeviation": 0
      },
      {
        "occurrences": 1,
        "current": 400,
        "min": 400,
        "max": 400,
        "startTimeInMillis": 1484302500000,
        "useRange": false,
        "count": 1,
        "sum": 400,
        "value": 400,
        "standardDeviation": 0
      },
      {
        "occurrences": 1,
        "current": 400,
        "min": 400,
        "max": 400,
        "startTimeInMillis": 1484302560000,
        "useRange": false,
        "count": 1,
        "sum": 400,
        "value": 400,
        "standardDeviation": 0
      },
      {
        "occurrences": 1,
        "current": 400,
        "min": 400,
        "max": 400,
        "startTimeInMillis": 1484302620000,
        "useRange": false,
        "count": 1,
        "sum": 400,
        "value": 400,
        "standardDeviation": 0
      },
      {
        "occurrences": 1,
        "current": 400,
        "min": 400,
        "max": 400,
        "startTimeInMillis": 1484302680000,
        "useRange": false,
        "count": 1,
        "sum": 400,
        "value": 400,
        "standardDeviation": 0
      },
      {
        "occurrences": 1,
        "current": 400,
        "min": 400,
        "max": 400,
        "startTimeInMillis": 1484302740000,
        "useRange": false,
        "count": 1,
        "sum": 400,
        "value": 400,
        "standardDeviation": 0
      },
      {
        "occurrences": 1,
        "current": 400,
        "min": 400,
        "max": 400,
        "startTimeInMillis": 1484302800000,
        "useRange": false,
        "count": 1,
        "sum": 400,
        "value": 400,
        "standardDeviation": 0
      },
      {
        "occurrences": 1,
        "current": 400,
        "min": 400,
        "max": 400,
        "startTimeInMillis": 1484302860000,
        "useRange": false,
        "count": 1,
        "sum": 400,
        "value": 400,
        "standardDeviation": 0
      },
      {
        "occurrences": 1,
        "current": 400,
        "min": 400,
        "max": 400,
        "startTimeInMillis": 1484302920000,
        "useRange": false,
        "count": 1,
        "sum": 400,
        "value": 400,
        "standardDeviation": 0
      },
      {
        "occurrences": 1,
        "current": 400,
        "min": 400,
        "max": 400,
        "startTimeInMillis": 1484302980000,
        "useRange": false,
        "count": 1,
        "sum": 400,
        "value": 400,
        "standardDeviation": 0
      },
      {
        "occurrences": 1,
        "current": 400,
        "min": 400,
        "max": 400,
        "startTimeInMillis": 1484303040000,
        "useRange": false,
        "count": 1,
        "sum": 400,
        "value": 400,
        "standardDeviation": 0
      },
      {
        "occurrences": 1,
        "current": 400,
        "min": 400,
        "max": 400,
        "startTimeInMillis": 1484303100000,
        "useRange": false,
        "count": 1,
        "sum": 400,
        "value": 400,
        "standardDeviation": 0
      },
      {
        "occurrences": 1,
        "current": 400,
        "min": 400,
        "max": 400,
        "startTimeInMillis": 1484303160000,
        "useRange": false,
        "count": 1,
        "sum": 400,
        "value": 400,
        "standardDeviation": 0
      },
      {
        "occurrences": 1,
        "current": 400,
        "min": 400,
        "max": 400,
        "startTimeInMillis": 1484303220000,
        "useRange": false,
        "count": 1,
        "sum": 400,
        "value": 400,
        "standardDeviation": 0
      },
      {
        "occurrences": 1,
        "current": 0,
        "min": 0,
        "max": 0,
        "startTimeInMillis": 1484303280000,
        "useRange": false,
        "count": 0,
        "sum": 0,
        "value": 0,
        "standardDeviation": 0
      },
      {
        "occurrences": 1,
        "current": 0,
        "min": 0,
        "max": 0,
        "startTimeInMillis": 1484303340000,
        "useRange": false,
        "count": 0,
        "sum": 0,
        "value": 0,
        "standardDeviation": 0
      },
      {
        "occurrences": 1,
        "current": 80,
        "min": 80,
        "max": 80,
        "startTimeInMillis": 1484303400000,
        "useRange": false,
        "count": 1,
        "sum": 80,
        "value": 80,
        "standardDeviation": 0
      },
      {
        "occurrences": 1,
        "current": 80,
        "min": 80,
        "max": 80,
        "startTimeInMillis": 1484303460000,
        "useRange": false,
        "count": 1,
        "sum": 80,
        "value": 80,
        "standardDeviation": 0
      },
      {
        "occurrences": 1,
        "current": 80,
        "min": 80,
        "max": 80,
        "startTimeInMillis": 1484303520000,
        "useRange": false,
        "count": 1,
        "sum": 80,
        "value": 80,
        "standardDeviation": 0
      },
      {
        "occurrences": 1,
        "current": 80,
        "min": 80,
        "max": 80,
        "startTimeInMillis": 1484303580000,
        "useRange": false,
        "count": 1,
        "sum": 80,
        "value": 80,
        "standardDeviation": 0
      },
      {
        "occurrences": 1,
        "current": 80,
        "min": 80,
        "max": 80,
        "startTimeInMillis": 1484303640000,
        "useRange": false,
        "count": 1,
        "sum": 80,
        "value": 80,
        "standardDeviation": 0
      },
      {
        "occurrences": 1,
        "current": 80,
        "min": 80,
        "max": 80,
        "startTimeInMillis": 1484303700000,
        "useRange": false,
        "count": 1,
        "sum": 80,
        "value": 80,
        "standardDeviation": 0
      },
      {
        "occurrences": 1,
        "current": 80,
        "min": 80,
        "max": 80,
        "startTimeInMillis": 1484303760000,
        "useRange": false,
        "count": 1,
        "sum": 80,
        "value": 80,
        "standardDeviation": 0
      },
      {
        "occurrences": 1,
        "current": 80,
        "min": 80,
        "max": 80,
        "startTimeInMillis": 1484303820000,
        "useRange": false,
        "count": 1,
        "sum": 80,
        "value": 80,
        "standardDeviation": 0
      },
      {
        "occurrences": 1,
        "current": 80,
        "min": 80,
        "max": 80,
        "startTimeInMillis": 1484303880000,
        "useRange": false,
        "count": 1,
        "sum": 80,
        "value": 80,
        "standardDeviation": 0
      },
      {
        "occurrences": 1,
        "current": 80,
        "min": 80,
        "max": 80,
        "startTimeInMillis": 1484303940000,
        "useRange": false,
        "count": 1,
        "sum": 80,
        "value": 80,
        "standardDeviation": 0
      },
      {
        "occurrences": 1,
        "current": 80,
        "min": 80,
        "max": 80,
        "startTimeInMillis": 1484304000000,
        "useRange": false,
        "count": 1,
        "sum": 80,
        "value": 80,
        "standardDeviation": 0
      },
      {
        "occurrences": 1,
        "current": 80,
        "min": 80,
        "max": 80,
        "startTimeInMillis": 1484304060000,
        "useRange": false,
        "count": 1,
        "sum": 80,
        "value": 80,
        "standardDeviation": 0
      },
      {
        "occurrences": 1,
        "current": 80,
        "min": 80,
        "max": 80,
        "startTimeInMillis": 1484304120000,
        "useRange": false,
        "count": 1,
        "sum": 80,
        "value": 80,
        "standardDeviation": 0
      },
      {
        "occurrences": 1,
        "current": 80,
        "min": 80,
        "max": 80,
        "startTimeInMillis": 1484304180000,
        "useRange": false,
        "count": 1,
        "sum": 80,
        "value": 80,
        "standardDeviation": 0
      },
      {
        "occurrences": 1,
        "current": 80,
        "min": 80,
        "max": 80,
        "startTimeInMillis": 1484304240000,
        "useRange": false,
        "count": 1,
        "sum": 80,
        "value": 80,
        "standardDeviation": 0
      },
      {
        "occurrences": 1,
        "current": 0,
        "min": 0,
        "max": 0,
        "startTimeInMillis": 1484304300000,
        "useRange": false,
        "count": 0,
        "sum": 0,
        "value": 0,
        "standardDeviation": 0
      },
      {
        "occurrences": 1,
        "current": 400,
        "min": 400,
        "max": 400,
        "startTimeInMillis": 1484304360000,
        "useRange": false,
        "count": 1,
        "sum": 400,
        "value": 400,
        "standardDeviation": 0
      },
      {
        "occurrences": 1,
        "current": 400,
        "min": 400,
        "max": 400,
        "startTimeInMillis": 1484304420000,
        "useRange": false,
        "count": 1,
        "sum": 400,
        "value": 400,
        "standardDeviation": 0
      },
      {
        "occurrences": 1,
        "current": 400,
        "min": 400,
        "max": 400,
        "startTimeInMillis": 1484304480000,
        "useRange": false,
        "count": 1,
        "sum": 400,
        "value": 400,
        "standardDeviation": 0
      },
      {
        "occurrences": 1,
        "current": 400,
        "min": 400,
        "max": 400,
        "startTimeInMillis": 1484304540000,
        "useRange": false,
        "count": 1,
        "sum": 400,
        "value": 400,
        "standardDeviation": 0
      },
      {
        "occurrences": 1,
        "current": 400,
        "min": 400,
        "max": 400,
        "startTimeInMillis": 1484304600000,
        "useRange": false,
        "count": 1,
        "sum": 400,
        "value": 400,
        "standardDeviation": 0
      },
      {
        "occurrences": 1,
        "current": 400,
        "min": 400,
        "max": 400,
        "startTimeInMillis": 1484304660000,
        "useRange": false,
        "count": 1,
        "sum": 400,
        "value": 400,
        "standardDeviation": 0
      },
      {
        "occurrences": 1,
        "current": 400,
        "min": 400,
        "max": 400,
        "startTimeInMillis": 1484304720000,
        "useRange": false,
        "count": 1,
        "sum": 400,
        "value": 400,
        "standardDeviation": 0
      },
      {
        "occurrences": 1,
        "current": 400,
        "min": 400,
        "max": 400,
        "startTimeInMillis": 1484304780000,
        "useRange": false,
        "count": 1,
        "sum": 400,
        "value": 400,
        "standardDeviation": 0
      },
      {
        "occurrences": 1,
        "current": 80,
        "min": 80,
        "max": 80,
        "startTimeInMillis": 1484304840000,
        "useRange": false,
        "count": 1,
        "sum": 80,
        "value": 80,
        "standardDeviation": 0
      },
      {
        "occurrences": 1,
        "current": 80,
        "min": 80,
        "max": 80,
        "startTimeInMillis": 1484304900000,
        "useRange": false,
        "count": 1,
        "sum": 80,
        "value": 80,
        "standardDeviation": 0
      },
      {
        "occurrences": 1,
        "current": 80,
        "min": 80,
        "max": 80,
        "startTimeInMillis": 1484304960000,
        "useRange": false,
        "count": 1,
        "sum": 80,
        "value": 80,
        "standardDeviation": 0
      },
      {
        "occurrences": 1,
        "current": 80,
        "min": 80,
        "max": 80,
        "startTimeInMillis": 1484305020000,
        "useRange": false,
        "count": 1,
        "sum": 80,
        "value": 80,
        "standardDeviation": 0
      },
      {
        "occurrences": 1,
        "current": 80,
        "min": 80,
        "max": 80,
        "startTimeInMillis": 1484305080000,
        "useRange": false,
        "count": 1,
        "sum": 80,
        "value": 80,
        "standardDeviation": 0
      },
      {
        "occurrences": 1,
        "current": 80,
        "min": 80,
        "max": 80,
        "startTimeInMillis": 1484305140000,
        "useRange": false,
        "count": 1,
        "sum": 80,
        "value": 80,
        "standardDeviation": 0
      },
      {
        "occurrences": 1,
        "current": 80,
        "min": 80,
        "max": 80,
        "startTimeInMillis": 1484305200000,
        "useRange": false,
        "count": 1,
        "sum": 80,
        "value": 80,
        "standardDeviation": 0
      },
      {
        "occurrences": 1,
        "current": 80,
        "min": 80,
        "max": 80,
        "startTimeInMillis": 1484305260000,
        "useRange": false,
        "count": 1,
        "sum": 80,
        "value": 80,
        "standardDeviation": 0
      },
      {
        "occurrences": 1,
        "current": 80,
        "min": 80,
        "max": 80,
        "startTimeInMillis": 1484305320000,
        "useRange": false,
        "count": 1,
        "sum": 80,
        "value": 80,
        "standardDeviation": 0
      },
      {
        "occurrences": 1,
        "current": 80,
        "min": 80,
        "max": 80,
        "startTimeInMillis": 1484305380000,
        "useRange": false,
        "count": 1,
        "sum": 80,
        "value": 80,
        "standardDeviation": 0
      },
      {
        "occurrences": 1,
        "current": 80,
        "min": 80,
        "max": 80,
        "startTimeInMillis": 1484305440000,
        "useRange": false,
        "count": 1,
        "sum": 80,
        "value": 80,
        "standardDeviation": 0
      },
      {
        "occurrences": 1,
        "current": 80,
        "min": 80,
        "max": 80,
        "startTimeInMillis": 1484305500000,
        "useRange": false,
        "count": 1,
        "sum": 80,
        "value": 80,
        "standardDeviation": 0
      },
      {
        "occurrences": 1,
        "current": 80,
        "min": 80,
        "max": 80,
        "startTimeInMillis": 1484305560000,
        "useRange": false,
        "count": 1,
        "sum": 80,
        "value": 80,
        "standardDeviation": 0
      },
      {
        "occurrences": 1,
        "current": 80,
        "min": 80,
        "max": 80,
        "startTimeInMillis": 1484305620000,
        "useRange": false,
        "count": 1,
        "sum": 80,
        "value": 80,
        "standardDeviation": 0
      },
      {
        "occurrences": 1,
        "current": 80,
        "min": 80,
        "max": 80,
        "startTimeInMillis": 1484305680000,
        "useRange": false,
        "count": 1,
        "sum": 80,
        "value": 80,
        "standardDeviation": 0
      },
      {
        "occurrences": 1,
        "current": 0,
        "min": 0,
        "max": 0,
        "startTimeInMillis": 1484305740000,
        "useRange": false,
        "count": 0,
        "sum": 0,
        "value": 0,
        "standardDeviation": 0
      },
      {
        "occurrences": 1,
        "current": 0,
        "min": 0,
        "max": 0,
        "startTimeInMillis": 1484305800000,
        "useRange": false,
        "count": 0,
        "sum": 0,
        "value": 0,
        "standardDeviation": 0
      },
      {
        "occurrences": 1,
        "current": 0,
        "min": 0,
        "max": 0,
        "startTimeInMillis": 1484305860000,
        "useRange": false,
        "count": 0,
        "sum": 0,
        "value": 0,
        "standardDeviation": 0
      },
      {
        "occurrences": 1,
        "current": 0,
        "min": 0,
        "max": 0,
        "startTimeInMillis": 1484305920000,
        "useRange": false,
        "count": 0,
        "sum": 0,
        "value": 0,
        "standardDeviation": 0
      },
      {
        "occurrences": 1,
        "current": 0,
        "min": 0,
        "max": 0,
        "startTimeInMillis": 1484305980000,
        "useRange": false,
        "count": 0,
        "sum": 0,
        "value": 0,
        "standardDeviation": 0
      },
      {
        "occurrences": 1,
        "current": 0,
        "min": 0,
        "max": 0,
        "startTimeInMillis": 1484306040000,
        "useRange": false,
        "count": 0,
        "sum": 0,
        "value": 0,
        "standardDeviation": 0
      },
      {
        "occurrences": 1,
        "current": 0,
        "min": 0,
        "max": 0,
        "startTimeInMillis": 1484306100000,
        "useRange": false,
        "count": 0,
        "sum": 0,
        "value": 0,
        "standardDeviation": 0
      },
      {
        "occurrences": 1,
        "current": 0,
        "min": 0,
        "max": 0,
        "startTimeInMillis": 1484306160000,
        "useRange": false,
        "count": 0,
        "sum": 0,
        "value": 0,
        "standardDeviation": 0
      },
      {
        "occurrences": 1,
        "current": 0,
        "min": 0,
        "max": 0,
        "startTimeInMillis": 1484306220000,
        "useRange": false,
        "count": 0,
        "sum": 0,
        "value": 0,
        "standardDeviation": 0
      },
      {
        "occurrences": 1,
        "current": 0,
        "min": 0,
        "max": 0,
        "startTimeInMillis": 1484306280000,
        "useRange": false,
        "count": 0,
        "sum": 0,
        "value": 0,
        "standardDeviation": 0
      },
      {
        "occurrences": 1,
        "current": 320,
        "min": 320,
        "max": 320,
        "startTimeInMillis": 1484306340000,
        "useRange": false,
        "count": 1,
        "sum": 320,
        "value": 320,
        "standardDeviation": 0
      },
      {
        "occurrences": 1,
        "current": 320,
        "min": 320,
        "max": 320,
        "startTimeInMillis": 1484306400000,
        "useRange": false,
        "count": 1,
        "sum": 320,
        "value": 320,
        "standardDeviation": 0
      },
      {
        "occurrences": 1,
        "current": 320,
        "min": 320,
        "max": 320,
        "startTimeInMillis": 1484306460000,
        "useRange": false,
        "count": 1,
        "sum": 320,
        "value": 320,
        "standardDeviation": 0
      },
      {
        "occurrences": 1,
        "current": 320,
        "min": 320,
        "max": 320,
        "startTimeInMillis": 1484306520000,
        "useRange": false,
        "count": 1,
        "sum": 320,
        "value": 320,
        "standardDeviation": 0
      },
      {
        "occurrences": 1,
        "current": 320,
        "min": 320,
        "max": 320,
        "startTimeInMillis": 1484306580000,
        "useRange": false,
        "count": 1,
        "sum": 320,
        "value": 320,
        "standardDeviation": 0
      },
      {
        "occurrences": 1,
        "current": 320,
        "min": 320,
        "max": 320,
        "startTimeInMillis": 1484306640000,
        "useRange": false,
        "count": 1,
        "sum": 320,
        "value": 320,
        "standardDeviation": 0
      },
      {
        "occurrences": 1,
        "current": 320,
        "min": 320,
        "max": 320,
        "startTimeInMillis": 1484306700000,
        "useRange": false,
        "count": 1,
        "sum": 320,
        "value": 320,
        "standardDeviation": 0
      },
      {
        "occurrences": 1,
        "current": 80,
        "min": 80,
        "max": 80,
        "startTimeInMillis": 1484306760000,
        "useRange": false,
        "count": 1,
        "sum": 80,
        "value": 80,
        "standardDeviation": 0
      },
      {
        "occurrences": 1,
        "current": 80,
        "min": 80,
        "max": 80,
        "startTimeInMillis": 1484306820000,
        "useRange": false,
        "count": 1,
        "sum": 80,
        "value": 80,
        "standardDeviation": 0
      },
      {
        "occurrences": 1,
        "current": 80,
        "min": 80,
        "max": 80,
        "startTimeInMillis": 1484306880000,
        "useRange": false,
        "count": 1,
        "sum": 80,
        "value": 80,
        "standardDeviation": 0
      },
      {
        "occurrences": 1,
        "current": 80,
        "min": 80,
        "max": 80,
        "startTimeInMillis": 1484306940000,
        "useRange": false,
        "count": 1,
        "sum": 80,
        "value": 80,
        "standardDeviation": 0
      },
      {
        "occurrences": 1,
        "current": 80,
        "min": 80,
        "max": 80,
        "startTimeInMillis": 1484307000000,
        "useRange": false,
        "count": 1,
        "sum": 80,
        "value": 80,
        "standardDeviation": 0
      },
      {
        "occurrences": 1,
        "current": 80,
        "min": 80,
        "max": 80,
        "startTimeInMillis": 1484307060000,
        "useRange": false,
        "count": 1,
        "sum": 80,
        "value": 80,
        "standardDeviation": 0
      },
      {
        "occurrences": 1,
        "current": 80,
        "min": 80,
        "max": 80,
        "startTimeInMillis": 1484307120000,
        "useRange": false,
        "count": 1,
        "sum": 80,
        "value": 80,
        "standardDeviation": 0
      },
      {
        "occurrences": 1,
        "current": 80,
        "min": 80,
        "max": 80,
        "startTimeInMillis": 1484307180000,
        "useRange": false,
        "count": 1,
        "sum": 80,
        "value": 80,
        "standardDeviation": 0
      },
      {
        "occurrences": 1,
        "current": 80,
        "min": 80,
        "max": 80,
        "startTimeInMillis": 1484307240000,
        "useRange": false,
        "count": 1,
        "sum": 80,
        "value": 80,
        "standardDeviation": 0
      },
      {
        "occurrences": 1,
        "current": 80,
        "min": 80,
        "max": 80,
        "startTimeInMillis": 1484307300000,
        "useRange": false,
        "count": 1,
        "sum": 80,
        "value": 80,
        "standardDeviation": 0
      },
      {
        "occurrences": 1,
        "current": 80,
        "min": 80,
        "max": 80,
        "startTimeInMillis": 1484307360000,
        "useRange": false,
        "count": 1,
        "sum": 80,
        "value": 80,
        "standardDeviation": 0
      },
      {
        "occurrences": 1,
        "current": 80,
        "min": 80,
        "max": 80,
        "startTimeInMillis": 1484307420000,
        "useRange": false,
        "count": 1,
        "sum": 80,
        "value": 80,
        "standardDeviation": 0
      },
      {
        "occurrences": 1,
        "current": 80,
        "min": 80,
        "max": 80,
        "startTimeInMillis": 1484307480000,
        "useRange": false,
        "count": 1,
        "sum": 80,
        "value": 80,
        "standardDeviation": 0
      },
      {
        "occurrences": 1,
        "current": 0,
        "min": 0,
        "max": 0,
        "startTimeInMillis": 1484307540000,
        "useRange": false,
        "count": 0,
        "sum": 0,
        "value": 0,
        "standardDeviation": 0
      },
      {
        "occurrences": 1,
        "current": 0,
        "min": 0,
        "max": 0,
        "startTimeInMillis": 1484307600000,
        "useRange": false,
        "count": 0,
        "sum": 0,
        "value": 0,
        "standardDeviation": 0
      },
      {
        "occurrences": 1,
        "current": 0,
        "min": 0,
        "max": 0,
        "startTimeInMillis": 1484307660000,
        "useRange": false,
        "count": 0,
        "sum": 0,
        "value": 0,
        "standardDeviation": 0
      },
      {
        "occurrences": 1,
        "current": 0,
        "min": 0,
        "max": 0,
        "startTimeInMillis": 1484307720000,
        "useRange": false,
        "count": 0,
        "sum": 0,
        "value": 0,
        "standardDeviation": 0
      },
      {
        "occurrences": 1,
        "current": 0,
        "min": 0,
        "max": 0,
        "startTimeInMillis": 1484307780000,
        "useRange": false,
        "count": 0,
        "sum": 0,
        "value": 0,
        "standardDeviation": 0
      },
      {
        "occurrences": 1,
        "current": 0,
        "min": 0,
        "max": 0,
        "startTimeInMillis": 1484307840000,
        "useRange": false,
        "count": 0,
        "sum": 0,
        "value": 0,
        "standardDeviation": 0
      },
      {
        "occurrences": 1,
        "current": 0,
        "min": 0,
        "max": 0,
        "startTimeInMillis": 1484307900000,
        "useRange": false,
        "count": 0,
        "sum": 0,
        "value": 0,
        "standardDeviation": 0
      },
      {
        "occurrences": 1,
        "current": 0,
        "min": 0,
        "max": 0,
        "startTimeInMillis": 1484307960000,
        "useRange": false,
        "count": 0,
        "sum": 0,
        "value": 0,
        "standardDeviation": 0
      },
      {
        "occurrences": 1,
        "current": 0,
        "min": 0,
        "max": 0,
        "startTimeInMillis": 1484308020000,
        "useRange": false,
        "count": 0,
        "sum": 0,
        "value": 0,
        "standardDeviation": 0
      },
      {
        "occurrences": 1,
        "current": 0,
        "min": 0,
        "max": 0,
        "startTimeInMillis": 1484308080000,
        "useRange": false,
        "count": 0,
        "sum": 0,
        "value": 0,
        "standardDeviation": 0
      },
      {
        "occurrences": 1,
        "current": 0,
        "min": 0,
        "max": 0,
        "startTimeInMillis": 1484308140000,
        "useRange": false,
        "count": 0,
        "sum": 0,
        "value": 0,
        "standardDeviation": 0
      },
      {
        "occurrences": 1,
        "current": 0,
        "min": 0,
        "max": 0,
        "startTimeInMillis": 1484308200000,
        "useRange": false,
        "count": 0,
        "sum": 0,
        "value": 0,
        "standardDeviation": 0
      },
      {
        "occurrences": 1,
        "current": 240,
        "min": 240,
        "max": 240,
        "startTimeInMillis": 1484308260000,
        "useRange": false,
        "count": 1,
        "sum": 240,
        "value": 240,
        "standardDeviation": 0
      },
      {
        "occurrences": 1,
        "current": 240,
        "min": 240,
        "max": 240,
        "startTimeInMillis": 1484308320000,
        "useRange": false,
        "count": 1,
        "sum": 240,
        "value": 240,
        "standardDeviation": 0
      },
      {
        "occurrences": 1,
        "current": 240,
        "min": 240,
        "max": 240,
        "startTimeInMillis": 1484308380000,
        "useRange": false,
        "count": 1,
        "sum": 240,
        "value": 240,
        "standardDeviation": 0
      },
      {
        "occurrences": 1,
        "current": 240,
        "min": 240,
        "max": 240,
        "startTimeInMillis": 1484308440000,
        "useRange": false,
        "count": 1,
        "sum": 240,
        "value": 240,
        "standardDeviation": 0
      },
      {
        "occurrences": 1,
        "current": 240,
        "min": 240,
        "max": 240,
        "startTimeInMillis": 1484308500000,
        "useRange": false,
        "count": 1,
        "sum": 240,
        "value": 240,
        "standardDeviation": 0
      },
      {
        "occurrences": 1,
        "current": 240,
        "min": 240,
        "max": 240,
        "startTimeInMillis": 1484308560000,
        "useRange": false,
        "count": 1,
        "sum": 240,
        "value": 240,
        "standardDeviation": 0
      },
      {
        "occurrences": 1,
        "current": 240,
        "min": 240,
        "max": 240,
        "startTimeInMillis": 1484308620000,
        "useRange": false,
        "count": 1,
        "sum": 240,
        "value": 240,
        "standardDeviation": 0
      },
      {
        "occurrences": 1,
        "current": 240,
        "min": 240,
        "max": 240,
        "startTimeInMillis": 1484308680000,
        "useRange": false,
        "count": 1,
        "sum": 240,
        "value": 240,
        "standardDeviation": 0
      },
      {
        "occurrences": 1,
        "current": 240,
        "min": 240,
        "max": 240,
        "startTimeInMillis": 1484308740000,
        "useRange": false,
        "count": 1,
        "sum": 240,
        "value": 240,
        "standardDeviation": 0
      },
      {
        "occurrences": 1,
        "current": 240,
        "min": 240,
        "max": 240,
        "startTimeInMillis": 1484308800000,
        "useRange": false,
        "count": 1,
        "sum": 240,
        "value": 240,
        "standardDeviation": 0
      },
      {
        "occurrences": 1,
        "current": 240,
        "min": 240,
        "max": 240,
        "startTimeInMillis": 1484308860000,
        "useRange": false,
        "count": 1,
        "sum": 240,
        "value": 240,
        "standardDeviation": 0
      },
      {
        "occurrences": 1,
        "current": 240,
        "min": 240,
        "max": 240,
        "startTimeInMillis": 1484308920000,
        "useRange": false,
        "count": 1,
        "sum": 240,
        "value": 240,
        "standardDeviation": 0
      },
      {
        "occurrences": 1,
        "current": 240,
        "min": 240,
        "max": 240,
        "startTimeInMillis": 1484308980000,
        "useRange": false,
        "count": 1,
        "sum": 240,
        "value": 240,
        "standardDeviation": 0
      },
      {
        "occurrences": 1,
        "current": 240,
        "min": 240,
        "max": 240,
        "startTimeInMillis": 1484309040000,
        "useRange": false,
        "count": 1,
        "sum": 240,
        "value": 240,
        "standardDeviation": 0
      },
      {
        "occurrences": 1,
        "current": 0,
        "min": 0,
        "max": 0,
        "startTimeInMillis": 1484309100000,
        "useRange": false,
        "count": 0,
        "sum": 0,
        "value": 0,
        "standardDeviation": 0
      },
      {
        "occurrences": 1,
        "current": 0,
        "min": 0,
        "max": 0,
        "startTimeInMillis": 1484309160000,
        "useRange": false,
        "count": 0,
        "sum": 0,
        "value": 0,
        "standardDeviation": 0
      },
      {
        "occurrences": 1,
        "current": 0,
        "min": 0,
        "max": 0,
        "startTimeInMillis": 1484309220000,
        "useRange": false,
        "count": 0,
        "sum": 0,
        "value": 0,
        "standardDeviation": 0
      },
      {
        "occurrences": 1,
        "current": 0,
        "min": 0,
        "max": 0,
        "startTimeInMillis": 1484309280000,
        "useRange": false,
        "count": 0,
        "sum": 0,
        "value": 0,
        "standardDeviation": 0
      },
      {
        "occurrences": 1,
        "current": 0,
        "min": 0,
        "max": 0,
        "startTimeInMillis": 1484309340000,
        "useRange": false,
        "count": 0,
        "sum": 0,
        "value": 0,
        "standardDeviation": 0
      },
      {
        "occurrences": 1,
        "current": 0,
        "min": 0,
        "max": 0,
        "startTimeInMillis": 1484309400000,
        "useRange": false,
        "count": 0,
        "sum": 0,
        "value": 0,
        "standardDeviation": 0
      },
      {
        "occurrences": 1,
        "current": 0,
        "min": 0,
        "max": 0,
        "startTimeInMillis": 1484309460000,
        "useRange": false,
        "count": 0,
        "sum": 0,
        "value": 0,
        "standardDeviation": 0
      },
      {
        "occurrences": 1,
        "current": 0,
        "min": 0,
        "max": 0,
        "startTimeInMillis": 1484309520000,
        "useRange": false,
        "count": 0,
        "sum": 0,
        "value": 0,
        "standardDeviation": 0
      },
      {
        "occurrences": 1,
        "current": 0,
        "min": 0,
        "max": 0,
        "startTimeInMillis": 1484309580000,
        "useRange": false,
        "count": 0,
        "sum": 0,
        "value": 0,
        "standardDeviation": 0
      },
      {
        "occurrences": 1,
        "current": 0,
        "min": 0,
        "max": 0,
        "startTimeInMillis": 1484309640000,
        "useRange": false,
        "count": 0,
        "sum": 0,
        "value": 0,
        "standardDeviation": 0
      },
      {
        "occurrences": 1,
        "current": 0,
        "min": 0,
        "max": 0,
        "startTimeInMillis": 1484309700000,
        "useRange": false,
        "count": 0,
        "sum": 0,
        "value": 0,
        "standardDeviation": 0
      },
      {
        "occurrences": 1,
        "current": 0,
        "min": 0,
        "max": 0,
        "startTimeInMillis": 1484309760000,
        "useRange": false,
        "count": 0,
        "sum": 0,
        "value": 0,
        "standardDeviation": 0
      },
      {
        "occurrences": 1,
        "current": 0,
        "min": 0,
        "max": 0,
        "startTimeInMillis": 1484309820000,
        "useRange": false,
        "count": 0,
        "sum": 0,
        "value": 0,
        "standardDeviation": 0
      },
      {
        "occurrences": 1,
        "current": 0,
        "min": 0,
        "max": 0,
        "startTimeInMillis": 1484309880000,
        "useRange": false,
        "count": 0,
        "sum": 0,
        "value": 0,
        "standardDeviation": 0
      },
      {
        "occurrences": 1,
        "current": 0,
        "min": 0,
        "max": 0,
        "startTimeInMillis": 1484309940000,
        "useRange": false,
        "count": 0,
        "sum": 0,
        "value": 0,
        "standardDeviation": 0
      },
      {
        "occurrences": 1,
        "current": 0,
        "min": 0,
        "max": 0,
        "startTimeInMillis": 1484310000000,
        "useRange": false,
        "count": 0,
        "sum": 0,
        "value": 0,
        "standardDeviation": 0
      },
      {
        "occurrences": 1,
        "current": 0,
        "min": 0,
        "max": 0,
        "startTimeInMillis": 1484310060000,
        "useRange": false,
        "count": 0,
        "sum": 0,
        "value": 0,
        "standardDeviation": 0
      },
      {
        "occurrences": 1,
        "current": 0,
        "min": 0,
        "max": 0,
        "startTimeInMillis": 1484310120000,
        "useRange": false,
        "count": 0,
        "sum": 0,
        "value": 0,
        "standardDeviation": 0
      },
      {
        "occurrences": 1,
        "current": 0,
        "min": 0,
        "max": 0,
        "startTimeInMillis": 1484310180000,
        "useRange": false,
        "count": 0,
        "sum": 0,
        "value": 0,
        "standardDeviation": 0
      },
      {
        "occurrences": 1,
        "current": 400,
        "min": 400,
        "max": 400,
        "startTimeInMillis": 1484310240000,
        "useRange": false,
        "count": 1,
        "sum": 400,
        "value": 400,
        "standardDeviation": 0
      },
      {
        "occurrences": 1,
        "current": 400,
        "min": 400,
        "max": 400,
        "startTimeInMillis": 1484310300000,
        "useRange": false,
        "count": 1,
        "sum": 400,
        "value": 400,
        "standardDeviation": 0
      },
      {
        "occurrences": 1,
        "current": 400,
        "min": 400,
        "max": 400,
        "startTimeInMillis": 1484310360000,
        "useRange": false,
        "count": 1,
        "sum": 400,
        "value": 400,
        "standardDeviation": 0
      },
      {
        "occurrences": 1,
        "current": 400,
        "min": 400,
        "max": 400,
        "startTimeInMillis": 1484310420000,
        "useRange": false,
        "count": 1,
        "sum": 400,
        "value": 400,
        "standardDeviation": 0
      },
      {
        "occurrences": 1,
        "current": 400,
        "min": 400,
        "max": 400,
        "startTimeInMillis": 1484310480000,
        "useRange": false,
        "count": 1,
        "sum": 400,
        "value": 400,
        "standardDeviation": 0
      },
      {
        "occurrences": 1,
        "current": 400,
        "min": 400,
        "max": 400,
        "startTimeInMillis": 1484310540000,
        "useRange": false,
        "count": 1,
        "sum": 400,
        "value": 400,
        "standardDeviation": 0
      },
      {
        "occurrences": 1,
        "current": 400,
        "min": 400,
        "max": 400,
        "startTimeInMillis": 1484310600000,
        "useRange": false,
        "count": 1,
        "sum": 400,
        "value": 400,
        "standardDeviation": 0
      },
      {
        "occurrences": 1,
        "current": 400,
        "min": 400,
        "max": 400,
        "startTimeInMillis": 1484310660000,
        "useRange": false,
        "count": 1,
        "sum": 400,
        "value": 400,
        "standardDeviation": 0
      },
      {
        "occurrences": 1,
        "current": 400,
        "min": 400,
        "max": 400,
        "startTimeInMillis": 1484310720000,
        "useRange": false,
        "count": 1,
        "sum": 400,
        "value": 400,
        "standardDeviation": 0
      },
      {
        "occurrences": 1,
        "current": 400,
        "min": 400,
        "max": 400,
        "startTimeInMillis": 1484310780000,
        "useRange": false,
        "count": 1,
        "sum": 400,
        "value": 400,
        "standardDeviation": 0
      },
      {
        "occurrences": 1,
        "current": 400,
        "min": 400,
        "max": 400,
        "startTimeInMillis": 1484310840000,
        "useRange": false,
        "count": 1,
        "sum": 400,
        "value": 400,
        "standardDeviation": 0
      },
      {
        "occurrences": 1,
        "current": 400,
        "min": 400,
        "max": 400,
        "startTimeInMillis": 1484310900000,
        "useRange": false,
        "count": 1,
        "sum": 400,
        "value": 400,
        "standardDeviation": 0
      },
      {
        "occurrences": 1,
        "current": 400,
        "min": 400,
        "max": 400,
        "startTimeInMillis": 1484310960000,
        "useRange": false,
        "count": 1,
        "sum": 400,
        "value": 400,
        "standardDeviation": 0
      },
      {
        "occurrences": 1,
        "current": 0,
        "min": 0,
        "max": 0,
        "startTimeInMillis": 1484311020000,
        "useRange": false,
        "count": 0,
        "sum": 0,
        "value": 0,
        "standardDeviation": 0
      },
      {
        "occurrences": 1,
        "current": 0,
        "min": 0,
        "max": 0,
        "startTimeInMillis": 1484311080000,
        "useRange": false,
        "count": 0,
        "sum": 0,
        "value": 0,
        "standardDeviation": 0
      },
      {
        "occurrences": 1,
        "current": 0,
        "min": 0,
        "max": 0,
        "startTimeInMillis": 1484311140000,
        "useRange": false,
        "count": 0,
        "sum": 0,
        "value": 0,
        "standardDeviation": 0
      },
      {
        "occurrences": 1,
        "current": 0,
        "min": 0,
        "max": 0,
        "startTimeInMillis": 1484311200000,
        "useRange": false,
        "count": 0,
        "sum": 0,
        "value": 0,
        "standardDeviation": 0
      },
      {
        "occurrences": 1,
        "current": 0,
        "min": 0,
        "max": 0,
        "startTimeInMillis": 1484311260000,
        "useRange": false,
        "count": 0,
        "sum": 0,
        "value": 0,
        "standardDeviation": 0
      },
      {
        "occurrences": 1,
        "current": 0,
        "min": 0,
        "max": 0,
        "startTimeInMillis": 1484311320000,
        "useRange": false,
        "count": 0,
        "sum": 0,
        "value": 0,
        "standardDeviation": 0
      },
      {
        "occurrences": 1,
        "current": 0,
        "min": 0,
        "max": 0,
        "startTimeInMillis": 1484311380000,
        "useRange": false,
        "count": 0,
        "sum": 0,
        "value": 0,
        "standardDeviation": 0
      },
      {
        "occurrences": 1,
        "current": 0,
        "min": 0,
        "max": 0,
        "startTimeInMillis": 1484311440000,
        "useRange": false,
        "count": 0,
        "sum": 0,
        "value": 0,
        "standardDeviation": 0
      },
      {
        "occurrences": 1,
        "current": 0,
        "min": 0,
        "max": 0,
        "startTimeInMillis": 1484311500000,
        "useRange": false,
        "count": 0,
        "sum": 0,
        "value": 0,
        "standardDeviation": 0
      },
      {
        "occurrences": 1,
        "current": 0,
        "min": 0,
        "max": 0,
        "startTimeInMillis": 1484311560000,
        "useRange": false,
        "count": 0,
        "sum": 0,
        "value": 0,
        "standardDeviation": 0
      },
      {
        "occurrences": 1,
        "current": 80,
        "min": 80,
        "max": 80,
        "startTimeInMillis": 1484311620000,
        "useRange": false,
        "count": 1,
        "sum": 80,
        "value": 80,
        "standardDeviation": 0
      },
      {
        "occurrences": 1,
        "current": 80,
        "min": 80,
        "max": 80,
        "startTimeInMillis": 1484311680000,
        "useRange": false,
        "count": 1,
        "sum": 80,
        "value": 80,
        "standardDeviation": 0
      },
      {
        "occurrences": 1,
        "current": 80,
        "min": 80,
        "max": 80,
        "startTimeInMillis": 1484311740000,
        "useRange": false,
        "count": 1,
        "sum": 80,
        "value": 80,
        "standardDeviation": 0
      },
      {
        "occurrences": 1,
        "current": 80,
        "min": 80,
        "max": 80,
        "startTimeInMillis": 1484311800000,
        "useRange": false,
        "count": 1,
        "sum": 80,
        "value": 80,
        "standardDeviation": 0
      },
      {
        "occurrences": 1,
        "current": 80,
        "min": 80,
        "max": 80,
        "startTimeInMillis": 1484311860000,
        "useRange": false,
        "count": 1,
        "sum": 80,
        "value": 80,
        "standardDeviation": 0
      },
      {
        "occurrences": 1,
        "current": 80,
        "min": 80,
        "max": 80,
        "startTimeInMillis": 1484311920000,
        "useRange": false,
        "count": 1,
        "sum": 80,
        "value": 80,
        "standardDeviation": 0
      },
      {
        "occurrences": 1,
        "current": 400,
        "min": 400,
        "max": 400,
        "startTimeInMillis": 1484311980000,
        "useRange": false,
        "count": 1,
        "sum": 400,
        "value": 400,
        "standardDeviation": 0
      },
      {
        "occurrences": 1,
        "current": 400,
        "min": 400,
        "max": 400,
        "startTimeInMillis": 1484312040000,
        "useRange": false,
        "count": 1,
        "sum": 400,
        "value": 400,
        "standardDeviation": 0
      },
      {
        "occurrences": 1,
        "current": 400,
        "min": 400,
        "max": 400,
        "startTimeInMillis": 1484312100000,
        "useRange": false,
        "count": 1,
        "sum": 400,
        "value": 400,
        "standardDeviation": 0
      },
      {
        "occurrences": 1,
        "current": 400,
        "min": 400,
        "max": 400,
        "startTimeInMillis": 1484312340000,
        "useRange": false,
        "count": 1,
        "sum": 400,
        "value": 200,
        "standardDeviation": 0
      },
      {
        "occurrences": 1,
        "current": 400,
        "min": 400,
        "max": 400,
        "startTimeInMillis": 1484312580000,
        "useRange": false,
        "count": 1,
        "sum": 400,
        "value": 300,
        "standardDeviation": 0
      }
    ]
  }
]
