[{
  "frequency": "ONE_MIN",
  "metricId": 43311,
  "metricName": "JVM|Memory:Heap|Current Usage (MB)",
  "metricPath": "Application Infrastructure Performance|ECommerce-Services|Individual Nodes|ECommerce_WEB1_NODE|JVM|Memory|Heap|Current Usage (MB)",
  "metricValues":   [
    {
      "count": 1,
      "current": 128,
      "max": 128,
      "min": 128,
      "occurrences": 0,
      "standardDeviation": 0,
      "startTimeInMillis": 1486093260000,
      "sum": 128,
      "useRange": true,
      "value": 128
    },
    {
      "count": 1,
      "current": 109,
      "max": 109,
      "min": 109,
      "occurrences": 0,
      "standardDeviation": 0,
      "startTimeInMillis": 1486093320000,
      "sum": 109,
      "useRange": true,
      "value": 109
    },
    {
      "count": 1,
      "current": 95,
      "max": 95,
      "min": 95,
      "occurrences": 0,
      "standardDeviation": 0,
      "startTimeInMillis": 1486093380000,
      "sum": 95,
      "useRange": true,
      "value": 95
    },
    {
      "count": 1,
      "current": 94,
      "max": 94,
      "min": 94,
      "occurrences": 0,
      "standardDeviation": 0,
      "startTimeInMillis": 1486093440000,
      "sum": 94,
      "useRange": true,
      "value": 94
    },
    {
      "count": 1,
      "current": 147,
      "max": 147,
      "min": 147,
      "occurrences": 0,
      "standardDeviation": 0,
      "startTimeInMillis": 1486093500000,
      "sum": 147,
      "useRange": true,
      "value": 147
    },
    {
      "count": 1,
      "current": 124,
      "max": 124,
      "min": 124,
      "occurrences": 0,
      "standardDeviation": 0,
      "startTimeInMillis": 1486093560000,
      "sum": 124,
      "useRange": true,
      "value": 124
    },
    {
      "count": 1,
      "current": 166,
      "max": 166,
      "min": 166,
      "occurrences": 0,
      "standardDeviation": 0,
      "startTimeInMillis": 1486093620000,
      "sum": 166,
      "useRange": true,
      "value": 166
    },
    {
      "count": 1,
      "current": 118,
      "max": 118,
      "min": 118,
      "occurrences": 0,
      "standardDeviation": 0,
      "startTimeInMillis": 1486093680000,
      "sum": 118,
      "useRange": true,
      "value": 118
    },
    {
      "count": 1,
      "current": 151,
      "max": 151,
      "min": 151,
      "occurrences": 0,
      "standardDeviation": 0,
      "startTimeInMillis": 1486093740000,
      "sum": 151,
      "useRange": true,
      "value": 151
    },
    {
      "count": 1,
      "current": 117,
      "max": 117,
      "min": 117,
      "occurrences": 0,
      "standardDeviation": 0,
      "startTimeInMillis": 1486093800000,
      "sum": 117,
      "useRange": true,
      "value": 117
    },
    {
      "count": 1,
      "current": 130,
      "max": 130,
      "min": 130,
      "occurrences": 0,
      "standardDeviation": 0,
      "startTimeInMillis": 1486093860000,
      "sum": 130,
      "useRange": true,
      "value": 130
    },
    {
      "count": 1,
      "current": 91,
      "max": 91,
      "min": 91,
      "occurrences": 0,
      "standardDeviation": 0,
      "startTimeInMillis": 1486093920000,
      "sum": 91,
      "useRange": true,
      "value": 91
    },
    {
      "count": 1,
      "current": 144,
      "max": 144,
      "min": 144,
      "occurrences": 0,
      "standardDeviation": 0,
      "startTimeInMillis": 1486093980000,
      "sum": 144,
      "useRange": true,
      "value": 144
    },
    {
      "count": 1,
      "current": 130,
      "max": 130,
      "min": 130,
      "occurrences": 0,
      "standardDeviation": 0,
      "startTimeInMillis": 1486094040000,
      "sum": 130,
      "useRange": true,
      "value": 130
    },
    {
      "count": 1,
      "current": 105,
      "max": 105,
      "min": 105,
      "occurrences": 0,
      "standardDeviation": 0,
      "startTimeInMillis": 1486094100000,
      "sum": 105,
      "useRange": true,
      "value": 105
    }
  ]
}]
