[{
  "frequency": "ONE_MIN",
  "metricId": 43803,
  "metricName": "BTM|Application Summary|Component:184|Calls per Minute",
  "metricPath": "Overall Application Performance|ECommerce-Services|Individual Nodes|ECommerce_WEB1_NODE|Calls per Minute",
  "metricValues":   [
    {
      "count": 1,
      "current": 53,
      "max": 53,
      "min": 53,
      "occurrences": 0,
      "standardDeviation": 0,
      "startTimeInMillis": 1465446000000,
      "sum": 53,
      "useRange": true,
      "value": 53
    },
    {
      "count": 1,
      "current": 48,
      "max": 48,
      "min": 48,
      "occurrences": 0,
      "standardDeviation": 0,
      "startTimeInMillis": 1465446060000,
      "sum": 48,
      "useRange": true,
      "value": 48
    },
    {
      "count": 1,
      "current": 35,
      "max": 35,
      "min": 35,
      "occurrences": 0,
      "standardDeviation": 0,
      "startTimeInMillis": 1465446120000,
      "sum": 35,
      "useRange": true,
      "value": 35
    },
    {
      "count": 1,
      "current": 33,
      "max": 33,
      "min": 33,
      "occurrences": 0,
      "standardDeviation": 0,
      "startTimeInMillis": 1465446180000,
      "sum": 33,
      "useRange": true,
      "value": 33
    },
    {
      "count": 1,
      "current": 50,
      "max": 50,
      "min": 50,
      "occurrences": 0,
      "standardDeviation": 0,
      "startTimeInMillis": 1465446240000,
      "sum": 50,
      "useRange": true,
      "value": 50
    },
    {
      "count": 1,
      "current": 49,
      "max": 49,
      "min": 49,
      "occurrences": 0,
      "standardDeviation": 0,
      "startTimeInMillis": 1465446300000,
      "sum": 49,
      "useRange": true,
      "value": 49
    },
    {
      "count": 1,
      "current": 69,
      "max": 69,
      "min": 69,
      "occurrences": 0,
      "standardDeviation": 0,
      "startTimeInMillis": 1465446360000,
      "sum": 69,
      "useRange": true,
      "value": 69
    },
    {
      "count": 1,
      "current": 35,
      "max": 35,
      "min": 35,
      "occurrences": 0,
      "standardDeviation": 0,
      "startTimeInMillis": 1465446420000,
      "sum": 35,
      "useRange": true,
      "value": 35
    },
    {
      "count": 1,
      "current": 55,
      "max": 55,
      "min": 55,
      "occurrences": 0,
      "standardDeviation": 0,
      "startTimeInMillis": 1465446480000,
      "sum": 55,
      "useRange": true,
      "value": 55
    },
    {
      "count": 1,
      "current": 29,
      "max": 29,
      "min": 29,
      "occurrences": 0,
      "standardDeviation": 0,
      "startTimeInMillis": 1465446540000,
      "sum": 29,
      "useRange": true,
      "value": 29
    },
    {
      "count": 1,
      "current": 46,
      "max": 46,
      "min": 46,
      "occurrences": 0,
      "standardDeviation": 0,
      "startTimeInMillis": 1465446600000,
      "sum": 46,
      "useRange": true,
      "value": 46
    },
    {
      "count": 1,
      "current": 52,
      "max": 52,
      "min": 52,
      "occurrences": 0,
      "standardDeviation": 0,
      "startTimeInMillis": 1465446660000,
      "sum": 52,
      "useRange": true,
      "value": 52
    },
    {
      "count": 1,
      "current": 66,
      "max": 66,
      "min": 66,
      "occurrences": 0,
      "standardDeviation": 0,
      "startTimeInMillis": 1465446720000,
      "sum": 66,
      "useRange": true,
      "value": 66
    },
    {
      "count": 1,
      "current": 47,
      "max": 47,
      "min": 47,
      "occurrences": 0,
      "standardDeviation": 0,
      "startTimeInMillis": 1465446780000,
      "sum": 47,
      "useRange": true,
      "value": 47
    },
    {
      "count": 1,
      "current": 49,
      "max": 49,
      "min": 49,
      "occurrences": 0,
      "standardDeviation": 0,
      "startTimeInMillis": 1465446840000,
      "sum": 49,
      "useRange": true,
      "value": 49
    }
  ]
}]
