[{
  "frequency": "ONE_MIN",
  "metricId": 43317,
  "metricName": "JVM|Memory:Heap|Committed (MB)",
  "metricPath": "Application Infrastructure Performance|ECommerce-Services|Individual Nodes|ECommerce_WEB1_NODE|JVM|Memory|Heap|Committed (MB)",
  "metricValues":   [
    {
      "count": 1,
      "current": 176,
      "max": 176,
      "min": 176,
      "occurrences": 0,
      "standardDeviation": 0,
      "startTimeInMillis": 1486093560000,
      "sum": 176,
      "useRange": true,
      "value": 176
    },
    {
      "count": 1,
      "current": 202,
      "max": 202,
      "min": 202,
      "occurrences": 0,
      "standardDeviation": 0,
      "startTimeInMillis": 1486093620000,
      "sum": 202,
      "useRange": true,
      "value": 202
    },
    {
      "count": 1,
      "current": 154,
      "max": 154,
      "min": 154,
      "occurrences": 0,
      "standardDeviation": 0,
      "startTimeInMillis": 1486093680000,
      "sum": 154,
      "useRange": true,
      "value": 154
    },
    {
      "count": 1,
      "current": 196,
      "max": 196,
      "min": 196,
      "occurrences": 0,
      "standardDeviation": 0,
      "startTimeInMillis": 1486093740000,
      "sum": 196,
      "useRange": true,
      "value": 196
    },
    {
      "count": 1,
      "current": 166,
      "max": 166,
      "min": 166,
      "occurrences": 0,
      "standardDeviation": 0,
      "startTimeInMillis": 1486093800000,
      "sum": 166,
      "useRange": true,
      "value": 166
    },
    {
      "count": 1,
      "current": 156,
      "max": 156,
      "min": 156,
      "occurrences": 0,
      "standardDeviation": 0,
      "startTimeInMillis": 1486093860000,
      "sum": 156,
      "useRange": true,
      "value": 156
    },
    {
      "count": 1,
      "current": 182,
      "max": 182,
      "min": 182,
      "occurrences": 0,
      "standardDeviation": 0,
      "startTimeInMillis": 1486093920000,
      "sum": 182,
      "useRange": true,
      "value": 182
    },
    {
      "count": 1,
      "current": 170,
      "max": 170,
      "min": 170,
      "occurrences": 0,
      "standardDeviation": 0,
      "startTimeInMillis": 1486093980000,
      "sum": 170,
      "useRange": true,
      "value": 170
    },
    {
      "count": 1,
      "current": 176,
      "max": 176,
      "min": 176,
      "occurrences": 0,
      "standardDeviation": 0,
      "startTimeInMillis": 1486094040000,
      "sum": 176,
      "useRange": true,
      "value": 176
    },
    {
      "count": 1,
      "current": 159,
      "max": 159,
      "min": 159,
      "occurrences": 0,
      "standardDeviation": 0,
      "startTimeInMillis": 1486094100000,
      "sum": 159,
      "useRange": true,
      "value": 159
    },
    {
      "count": 1,
      "current": 177,
      "max": 177,
      "min": 177,
      "occurrences": 0,
      "standardDeviation": 0,
      "startTimeInMillis": 1486094160000,
      "sum": 177,
      "useRange": true,
      "value": 177
    },
    {
      "count": 1,
      "current": 180,
      "max": 180,
      "min": 180,
      "occurrences": 0,
      "standardDeviation": 0,
      "startTimeInMillis": 1486094220000,
      "sum": 180,
      "useRange": true,
      "value": 180
    },
    {
      "count": 1,
      "current": 197,
      "max": 197,
      "min": 197,
      "occurrences": 0,
      "standardDeviation": 0,
      "startTimeInMillis": 1486094280000,
      "sum": 197,
      "useRange": true,
      "value": 197
    },
    {
      "count": 1,
      "current": 220,
      "max": 220,
      "min": 220,
      "occurrences": 0,
      "standardDeviation": 0,
      "startTimeInMillis": 1486094340000,
      "sum": 220,
      "useRange": true,
      "value": 220
    },
    {
      "count": 1,
      "current": 165,
      "max": 165,
      "min": 165,
      "occurrences": 0,
      "standardDeviation": 0,
      "startTimeInMillis": 1486094400000,
      "sum": 165,
      "useRange": true,
      "value": 165
    }
  ]
}]
