[
  {
    "id": "d1-w1",
    "metricDefs": [
      {
        "metricPath": "average-response-time.json",
        "metricNameIndices": [3]
      }
    ],
    "mode": "linear",
    "type": "line-chart"
  },
  {
    "id": "d1-w2",
    "metricDefs": [
      {
        "metricPath": "calls-per-minute.json",
        "metricNameIndices": [3]
      }
    ],
    "type": "line-chart",
    "mode": "log"
  },
  {
    "id": "d4-w1",
    "metricDefs": [
      {
        "metricPath": "calls-per-minute.json",
        "metricNameIndices": [3],
        "outlier": {
          "type": "top",
          "value": 3,
          "dataPointCount": 5,
          "considerNoDataAsZero": false
        }

      }
    ],
    "type": "line-chart",
    "mode": "log"
  },
  {
    "id": "d4-w2",
    "metricDefs": [
      {
        "metricPath": "calls-per-minute.json",
        "metricNameIndices": [3]
      }
    ],
    "outlier": {
      "type": "greaterThan",
      "value": 100,
      "dataPointCount": 5,
      "considerNoDataAsZero": false
    },
    "type": "line-chart",
    "mode": "table"
  },
  {
    "id": "d1-w3",
    "metricDefs": [
      {
      "metricPath": "node-metric-data.json",
      "rowIdentifiers": [3],
      "columnIdentifiers": [4],
      "excludes":[".*Average.*"]
      }
    ],
    "type": "metric-table"
  },
  {
    "id": "d2-w1",
    "metricDefs": [
      {
        "metricPath": "node-metric-data.json",
        "rowIdentifiers": [3],
        "columnIdentifiers": [4]
      }
    ],
    "type": "metric-table"
  }
  ,
  {
    "id": "d1-w4",
    "titleIndices":[5,7],
    "metricDefs": [
      {
        "metricPath": "external-calls.json",
        "metricNameIndices": [8]
      }
    ],
    "colCount": 3
  },
  {
    "id": "d1-w6",
    "metricDefs": [
      {
        "metricPath": "single-node-art.json",
        "metricNameIndices": [3,4]
      }
    ]
  },
  {
    "id": "d1-w5",
    "titleIndices":[5,7],
    "metricDefs": [
      {
        "metricPath": "external-calls.json",
        "metricNameIndices": [8],
        "aggregationType": "avg"
      }
    ],
    "colCount": 2
  },
  {
    "id": "d1-w7",
    "clusterRollupType": "sum",
    "metricDefs": [
      {
        "metricPath": "calls-per-minute.json",
        "metricNameIndices": [4],
        "aggregationType": "avg"
      }
    ]
  },
  {
    "id": "d1-w8",
    "titleIndices":[4],
    "metricDefs": [
      {
        "metricPath": "average-response-time.json",
        "metricNameIndices": [3]
      }
    ],
    "type": "line-chart",
    "colCount": 3
  },
  {
    "id": "d3-w1",
    "metricDefs": [
      {
        "metricPath": "Overall Application Performance|{0}|Individual Nodes|*|Average Response Time (ms)",
        "metricNameIndices": [3],
        "threshold": {
          "critical": {
            "value": 1000,
            "valueType": "absolute",
            "operator": "greaterThan",
            "dataPoints":5
          }
        }
      }
    ],
    "mode": "log",
    "colCount": 3
  },
  {
    "id": "d3-w2",
    "titleIndices":[4],
    "metricDefs": [
      {
        "metricPath": "Overall Application Performance|{0}|Calls per Minute",
        "metricNameIndices": [2],
        "timeRollupType": "avg",
        "clusterRollupType":"sum",
        "threshold": {
          "critical": {
            "value": 30,
            "valueType": "absolute",
            "operator": "greaterThan",
            "dataPoints":5
          },
          "warning": {
            "value": 10,
            "valueType": "absolute",
            "operator": "greaterThan",
            "dataPoints":5
          }
        }
      }
    ],
    "mode": "log",
    "colCount": 3
  },{
    "id": "d3-w3",
    "titleIndices":[4],
    "metricDefs": [
      {
        "metricPath": "Overall Application Performance|{0}|Average Response Time (ms)",
        "metricNameIndices": [2],
        "timeRollupType": "avg",
        "clusterRollupType":"sum",
        "threshold": {
          "critical": {
            "value": 1000,
            "valueType": "absolute",
            "operator": "greaterThan",
            "dataPoints":5
          },
          "warning": {
            "value": 200,
            "valueType": "absolute",
            "operator": "greaterThan",
            "dataPoints":5
          }
        }
      }
    ],
    "mode": "log",
    "colCount": 3
  },{
    "id": "d3-w4",
    "metricDefs": [
      {
        "metricPath": "Overall Application Performance|{0}|Average Response Time (ms)",
        "metricNameIndices": [2],
        "timeRollupType": "avg",
        "clusterRollupType":"sum",
        "threshold": {
          "critical": {
            "value": 1000,
            "valueType": "absolute",
            "operator": "greaterThan",
            "dataPoints":5
          },
          "warning": {
            "value": 200,
            "valueType": "absolute",
            "operator": "greaterThan",
            "dataPoints":5
          }
        }
      },{
        "metricPath": "Overall Application Performance|{0}|Calls per Minute",
        "metricNameIndices": [2],
        "timeRollupType": "avg",
        "clusterRollupType":"sum"
      }
    ],
    "mode": "log",
    "colCount": 3
  },{
    "id": "d2-w2",
    "metricDefs": [
      {
        "metricPath": "average-response-time.json",
        "rowIdentifiers": [3],
        "columnIdentifiers": [4],
        "timeRollupType": "avg",
        "clusterRollupType":"avg",
        "threshold": {
          "critical": {
            "value": 500,
            "valueType": "absolute",
            "operator": "greaterThan",
            "dataPoints":5
          },
          "warning": {
            "value": 300,
            "valueType": "absolute",
            "operator": "greaterThan",
            "dataPoints":5
          }
        }
      }
    ],
    "mode": "log",
    "colCount": 3
  }
]
