[
  {
    "id":"1",
    "name": "Line Chart",
    "iconClass": "fa fa-server"
  },
  {
    "id":"line-chart-compact",
    "name": "Compact Line Chart"
  },
  {
    "id":"2",
    "name": "Single Column"
  },
  {
    "id":"3",
    "name": "Dynamic Dashboard",
    "type": "dynamic",
    "metricPathType": "folder",
    "metricDef":{
      "metricPath": "../dashboards/samples/data/folders.json",
      "metricPathIndices": [2]
    },
    "iconClass": "fa fa-link"
  },{
    "id":"multi-tab",
    "name": "Multiple Tabs"
  },{
    "id":"4",
    "name": "Outliers"
  },{
    "id":"heatmap",
    "name": "Heat map"
  },{
    "id":"stackedarea",
    "name": "Stacked Area"
  },{
    "id":"hiloavg",
    "name": "Hi Lo Avg"
  },{
    "id":"average-last",
    "name": "Average Last"
  },{
    "id":"area-chart-compact",
    "name": "Compact Area Chart"
  },{
    "id":"bar",
    "name": "Bar Chart"
  },{
    "id":"compact-bar",
    "name": "Compact Bar Chart"
  },{
    "id":"donut",
    "name": "Donut"
  },{
    "id":"health-rules",
    "name": "Health Rules "
  },{
    "id":"test",
    "name": "Test Space"
  }
]
