{
  "name": "Test Space",
  "tabs": [
    {
      "name": "",
      "widgets": [
        {
          "name": "CPM Header 4 hr",
          "row": 0,
          "col": 0,
          "sizeX": 2,
          "sizeY": 1,
          "type": "stacked-area",
          "metricDefs": [
            {
              "metricPath": "../dashboards/samples/data/bt-all-cpm-240-normal.json",
              "metricNameIndices": [
                3
              ],
              "aggregationType": "avg"
            }
          ],
          "header": {
            "compact": true,
            "format": "cpm"
          },
          "legend": {
            "visible": false
          }
        },
        {
          "name": "Non continuous data",
          "row": 0,
          "col": 2,
          "sizeX": 2,
          "sizeY": 1,
          "type": "stacked-area",
          "metricDefs": [
            {
              "metricPath": "../dashboards/samples/data/bt-all-cpm-15-1min.json",
              "metricNameIndices": [
                3
              ],
              "aggregationType": "avg"
            }
          ],
          "header": {
            "compact": true,
            "format": "art"
          },
          "legend": {
            "visible": false
          }
        },{
          "name": "No data",
          "row": 0,
          "col": 4,
          "sizeX": 2,
          "sizeY": 1,
          "type": "stacked-area",
          "metricDefs": [
            {
              "metricPath": "../dashboards/samples/data/bt-all-cpm-nodata.json",
              "metricNameIndices": [
                3
              ],
              "aggregationType": "avg"
            }
          ],
          "header": {
            "compact": true,
            "format": "art"
          },
          "legend": {
            "visible": false
          }
        },
        {
          "name": "CPM header 1 day",
          "row": 1,
          "col": 4,
          "sizeX": 2,
          "sizeY": 1,
          "type": "stacked-area",
          "metricDefs": [
            {
              "metricPath": "../dashboards/samples/data/bt-all-cpm-432-10min.json",
              "metricNameIndices": [
                3
              ],
              "aggregationType": "avg"
            }
          ],
          "header": {
            "compact": true,
            "format": "cpm"
          },
          "legend": {
            "visible": false
          }
        },
        {
          "name": "ART Val",
          "row": 3,
          "col": 0,
          "sizeX": 2,
          "sizeY": 1,
          "type": "stacked-area",
          "valueAttr":"value",
          "metricDefs": [
            {
              "metricPath": "../dashboards/samples/data/average-response-time.json",
              "metricNameIndices": [
                3
              ],
              "aggregationType": "avg"
            }
          ],
          "header": {
            "compact": true,
            "format": "art"
          },
          "legend": {
            "visible": false
          }
        },{
          "name": "ART Max",
          "row": 3,
          "col": 2,
          "sizeX": 2,
          "sizeY": 1,
          "type": "stacked-area",
          "valueAttr":"max",
          "metricDefs": [
            {
              "metricPath": "../dashboards/samples/data/average-response-time.json",
              "metricNameIndices": [
                3
              ],
              "aggregationType": "avg"
            }
          ],
          "header": {
            "compact": true,
            "format": "art"
          },
          "legend": {
            "visible": false
          }
        },
        {
          "name": "Some Metrics Missing",
          "row": 6,
          "col": 0,
          "sizeX": 2,
          "sizeY": 1,
          "type": "stacked-area",
          "metricDefs": [
            {
              "metricPath": "../dashboards/samples/data/bt-all-cpm.json",
              "metricNameIndices": [
                3
              ],
              "aggregationType": "avg"
            }
          ] ,
          "header": {
            "compact": true,
            "format": "art"
          },
          "legend": {
            "visible": false
          }
        },{
          "name": "Some Metrics Missing | Cluster Rollup=sum",
          "row": 6,
          "col": 2,
          "sizeX": 2,
          "sizeY": 1,
          "type": "stacked-area",
          "clusterRollupType":"sum",
          "metricDefs": [
            {
              "metricPath": "../dashboards/samples/data/bt-all-cpm.json",
              "metricNameIndices": [
                3
              ],
              "aggregationType": "avg"
            }
          ] ,
          "header": {
            "compact": true,
            "format": "art"
          },
          "legend": {
            "visible": false
          }
        },
        {
          "name": "No data",
          "row": 6,
          "col": 4,
          "sizeX": 2,
          "sizeY": 1,
          "type": "stacked-area",
          "metricDefs": [
            {
              "metricPath": "../dashboards/samples/data/bt-all-cpm-nodata.json",
              "metricNameIndices": [
                3
              ],
              "aggregationType": "avg"
            }
          ],
          "header": {
            "compact": true,
            "format": "art"
          },
          "legend": {
            "visible": false
          }
        },
        {
          "name": "Gaps in Start",
          "row": 8,
          "col": 0,
          "sizeX": 2,
          "sizeY": 1,
          "type": "stacked-area",
          "mode": "linear",
          "metricDefs": [
            {
              "metricPath": "../dashboards/samples/data/actual_prod_data_1day.json",
              "metricNameIndices": [3,5,6,7],
              "threshold": {
                "critical": {
                  "value": 3500,
                  "valueType": "absolute",
                  "operator": "greaterThan",
                  "dataPoints": 5
                },
                "warning": {
                  "value": 1500,
                  "valueType": "absolute",
                  "operator": "greaterThan",
                  "dataPoints": 5
                }
              }
            }
          ],
          "header": {
            "compact": true,
            "format": "art"
          },
          "legend": {
            "visible": false
          }
        },{
          "name": "Gaps in Start Cluster rollup = Sum",
          "row": 8,
          "col": 2,
          "sizeX": 2,
          "sizeY": 1,
          "type": "stacked-area",
          "mode": "linear",
          "clusterRollupType":"sum",
          "metricDefs": [
            {
              "metricPath": "../dashboards/samples/data/actual_prod_data_1day.json",
              "metricNameIndices": [3,5,6,7],
              "threshold": {
                "critical": {
                  "value": 3500,
                  "valueType": "absolute",
                  "operator": "greaterThan",
                  "dataPoints": 5
                },
                "warning": {
                  "value": 1500,
                  "valueType": "absolute",
                  "operator": "greaterThan",
                  "dataPoints": 5
                }
              }
            }
          ],
          "header": {
            "compact": true,
            "format": "art"
          },
          "legend": {
            "visible": false
          }
        },{
          "name": "Gaps in Start | Cluster rollup=avg",
          "row": 8,
          "col": 4,
          "sizeX": 2,
          "sizeY": 1,
          "type": "stacked-area",
          "mode": "linear",
          "clusterRollupType":"avg",
          "metricDefs": [
            {
              "metricPath": "../dashboards/samples/data/actual_prod_data_1day.json",
              "metricNameIndices": [3,5,6,7],
              "threshold": {
                "critical": {
                  "value": 3500,
                  "valueType": "absolute",
                  "operator": "greaterThan",
                  "dataPoints": 5
                },
                "warning": {
                  "value": 1500,
                  "valueType": "absolute",
                  "operator": "greaterThan",
                  "dataPoints": 5
                }
              }
            }
          ],
          "header": {
            "compact": true,
            "format": "art"
          },
          "legend": {
            "visible": false
          }
        },
        {
          "name": "Gaps in Start, End, Middle",
          "row": 9,
          "col": 0,
          "sizeX": 2,
          "sizeY": 1,
          "type": "stacked-area",
          "mode": "linear",
          "metricDefs": [
            {
              "metricPath": "../dashboards/samples/data/gaps_start_end_middle.json",
              "metricNameIndices": [3,5,6,7],
              "threshold": {
                "critical": {
                  "value": 3500,
                  "valueType": "absolute",
                  "operator": "greaterThan",
                  "dataPoints": 5
                },
                "warning": {
                  "value": 1500,
                  "valueType": "absolute",
                  "operator": "greaterThan",
                  "dataPoints": 5
                }
              }
            }
          ],
          "header": {
            "compact": true,
            "format": "art"
          },
          "legend": {
            "visible": false
          }
        },
        {
          "name": "Too Many Metrics",
          "row": 9,
          "col": 2,
          "sizeX": 2,
          "sizeY": 1,
          "type": "stacked-area",
          "mode": "linear",
          "metricDefs": [
            {
              "metricPath": "../dashboards/samples/data/cpm_too_many_metrics.json",
              "metricNameIndices": [3],
              "threshold": {
                "critical": {
                  "value": 3500,
                  "valueType": "absolute",
                  "operator": "greaterThan",
                  "dataPoints": 5
                },
                "warning": {
                  "value": 1500,
                  "valueType": "absolute",
                  "operator": "greaterThan",
                  "dataPoints": 5
                }
              }
            }
          ],
          "header": {
            "compact": true,
            "format": "cpm"
          },
          "legend": {
            "visible": false
          }
        }
      ]
    }
  ]
}
