{
  "name": "Test Space",
  "tabs": [
    {
      "name": "",
      "widgets": [
        {
          "name":"Health Rules - Sample App1 (Tree)",
          "row": 0,
          "col": 0,
          "sizeX": 3,
          "sizeY": 2,
          "type": "health-rule-list",
          "mode": "tree",
          "file":"../dashboards/samples/data/health-rule-violations.json"
        },{
          "name":"Health Rules - Sample App1 (Tree) Collapsed",
          "row": 0,
          "col": 3,
          "sizeX": 3,
          "sizeY": 2,
          "type": "health-rule-list",
          "mode": "tree",
          "collapsed": true,
          "file":"../dashboards/samples/data/health-rule-violations.json"
        },
        {
          "name":"Health Rules - Sample App1 (Table)",
          "row": 2,
          "col": 0,
          "sizeX": 5,
          "sizeY": 2,
          "type": "health-rule-list",
          "mode": "table",
          "file": "../dashboards/samples/data/health-rule-violations.json"
        }
      ]
    }
  ]
}
