{
  "name": "Test Space",
  "tabs": [
    {
      "name": "",
      "widgets": [
        {
          "name": "Default Legend Configuration",
          "row": 0,
          "col": 0,
          "sizeX": 3,
          "sizeY": 3,
          "type": "area-chart",
          "metricDefs": [
            {
              "metricPath": "../dashboards/samples/data/bt-all-cpm-240-normal.json",
              "metricNameIndices": [
                3
              ],
              "aggregationType": "avg"
            }
          ]
        },
        {
          "name": "Non continuous data| legend height 30%",
          "row": 0,
          "col": 3,
          "sizeX": 3,
          "sizeY": 2,
          "type": "stacked-area",
          "metricDefs": [
            {
              "metricPath": "../dashboards/samples/data/bt-all-cpm-15-1min.json",
              "metricNameIndices": [
                3
              ],
              "aggregationType": "avg"
            }
          ],
          "legend": {
            "visible": true,
            "type": "detailed",
            "heightPct": 30,
            "cols": 1
          }
        },
        {
          "name": "Legend 3 Cols: 10_MIN| Legend Area Ht 20%",
          "row": 2,
          "col": 3,
          "sizeX": 3,
          "sizeY": 3,
          "type": "stacked-area",
          "metricDefs": [
            {
              "metricPath": "../dashboards/samples/data/bt-all-cpm-432-10min.json",
              "metricNameIndices": [
                3
              ],
              "aggregationType": "avg"
            }
          ],
          "legend": {
            "visible": true,
            "type": "detailed",
            "heightPct": 20,
            "cols": 3
          }
        },
        {
          "name": "Non continuous data| No Legend",
          "row": 3,
          "col": 0,
          "sizeX": 3,
          "sizeY": 2,
          "type": "stacked-area",
          "metricDefs": [
            {
              "metricPath": "../dashboards/samples/data/bt-all-cpm-15-1min.json",
              "metricNameIndices": [
                3
              ],
              "aggregationType": "avg"
            }
          ],
          "legend": {
            "visible": false,
            "type": "detailed",
            "heightPct": 20,
            "cols": 3
          }
        },
        {
          "name": "Some Metrics Missing",
          "row": 6,
          "col": 0,
          "sizeX": 3,
          "sizeY": 2,
          "type": "stacked-area",
          "metricDefs": [
            {
              "metricPath": "../dashboards/samples/data/bt-all-cpm.json",
              "metricNameIndices": [
                3
              ],
              "aggregationType": "avg"
            }
          ]
        },
        {
          "name": "No data",
          "row": 6,
          "col": 3,
          "sizeX": 3,
          "sizeY": 2,
          "type": "stacked-area",
          "metricDefs": [
            {
              "metricPath": "../dashboards/samples/data/bt-all-cpm-nodata.json",
              "metricNameIndices": [
                3
              ],
              "aggregationType": "avg"
            }
          ]
        },
        {
          "name": "Gaps in Start",
          "row": 8,
          "col": 0,
          "sizeX": 3,
          "sizeY": 2,
          "type": "stacked-area",
          "mode": "linear",
          "metricDefs": [
            {
              "metricPath": "../dashboards/samples/data/actual_prod_data_1day.json",
              "metricNameIndices": [3,5,6,7],
              "threshold": {
                "critical": {
                  "value": 3500,
                  "valueType": "absolute",
                  "operator": "greaterThan",
                  "dataPoints": 5
                },
                "warning": {
                  "value": 1500,
                  "valueType": "absolute",
                  "operator": "greaterThan",
                  "dataPoints": 5
                }
              }
            }
          ],
          "legend": {
            "visible": true,
            "type": "detailed",
            "heightPct": 30,
            "cols": 2
          }
        },
        {
          "name": "Gaps in Start, End, Middle",
          "row": 8,
          "col": 3,
          "sizeX": 3,
          "sizeY": 2,
          "type": "stacked-area",
          "mode": "linear",
          "metricDefs": [
            {
              "metricPath": "../dashboards/samples/data/gaps_start_end_middle.json",
              "metricNameIndices": [3,5,6,7],
              "threshold": {
                "critical": {
                  "value": 3500,
                  "valueType": "absolute",
                  "operator": "greaterThan",
                  "dataPoints": 5
                },
                "warning": {
                  "value": 1500,
                  "valueType": "absolute",
                  "operator": "greaterThan",
                  "dataPoints": 5
                }
              }
            }
          ],
          "legend": {
            "visible": true,
            "type": "detailed",
            "heightPct": 30,
            "cols": 2
          }
        }
      ]
    }
  ]
}
