{
  "application": "ECommerce",
  "name": "Dashboard 3",
  "tabs":[
    {
      "widgets": [
        {
          "id": "d3-w1",
          "name": "Average Response Time",
          "row": 0,
          "col": 0,
          "sizeX": 3,
          "sizeY": 2,
          "type": "line-chart",
          "metricDefs": [
            {
              "metricPath": "../dashboards/samples/data/average-response-time.json",
              "metricNameIndices": [3],
              "threshold": {
                "critical": {
                  "value": 1000,
                  "valueType": "absolute",
                  "operator": "greaterThan",
                  "dataPoints":5
                }
              }
            } ]
        },{
          "id": "d3-w2",
          "name": "Average Response Time",
          "row": 1,
          "col": 2,
          "sizeX": 6,
          "sizeY": 2,
          "type": "average-last",
          "titleIndices":[4],
          "colCount": 3,
          "metricDefs": [
            {
              "metricPath": "../dashboards/samples/data/calls-per-minute.json",
              "metricNameIndices": [3],
              "timeRollupType": "avg",
              "clusterRollupType":"sum",
              "threshold": {
                "critical": {
                  "value": 30,
                  "valueType": "absolute",
                  "operator": "greaterThan",
                  "dataPoints":5
                },
                "warning": {
                  "value": 10,
                  "valueType": "absolute",
                  "operator": "greaterThan",
                  "dataPoints":5
                }
              }
            }
          ]
        },{
          "id": "d3-w3",
          "name": "",
          "row": 0,
          "col": 4,
          "sizeX": 2,
          "sizeY": 1,
          "type": "average-last"
        },{
          "id": "d3-w4",
          "name": "",
          "row": 0,
          "col": 0,
          "sizeX": 2,
          "sizeY": 1,
          "type": "health-status-donut"
        }
      ]
    }
  ]
}
