{
  "id": "1",
  "title1": "Dashboard 1",
  "layoutType": "gridster",
  "gridsterOpts": {
    "resizable": {
      "enabled": true
    }
  },
  "tabs": [
    {
      "name": "Main",
      "widgets": [
        {
          "name": "Linear Scale",
          "row": 0,
          "col": 0,
          "sizeX": 2,
          "sizeY": 1,
          "type": "line-chart",
          "mode": "linear",
          "metricDefs": [
            {
              "metricPath": "../dashboards/samples/data/average-response-time.json",
              "metricNameIndices": [
                3
              ]
            }
          ],
          "header": {
            "compact": true,
            "format": "art"
          },
          "legend": {
            "visible": false
          }
        },
        {
          "name": "Log Scale with lot of metrics - scroll legend and a really really really long name",
          "row": 0,
          "col": 2,
          "sizeX": 2,
          "sizeY": 1,
          "type": "line-chart",
          "metricDefs": [
            {
              "metricPath": "../dashboards/samples/data/bt-all-cpm-120-log.json",
              "metricNameIndices": [
                3
              ]
            }
          ],
          "mode": "log",
          "header": {
            "compact": true,
            "format": "cpm"
          },
          "legend": {
            "visible": false
          }
        },
        {
          "name": "Log Scale with lot of metrics - scroll legend and a really really really long name",
          "row": 0,
          "col": 4,
          "sizeX": 2,
          "sizeY": 1,
          "type": "line-chart",
          "metricDefs": [
            {
              "metricPath": "../dashboards/samples/data/bt-all-cpm-120-log.json",
              "metricNameIndices": [
                3
              ]
            }
          ],
          "mode": "log",
          "header": {
            "compact": true,
            "format": "art"
          },
          "legend": {
            "visible": false
          }
        },
        {
          "name": "Data with Gaps",
          "row": 1,
          "col": 0,
          "sizeX": 2,
          "sizeY": 1,
          "type": "line-chart",
          "metricDefs": [
            {
              "metricPath": "../dashboards/samples/data/bt-all-cpm-15-1min.json",
              "metricNameIndices": [
                3
              ]
            }
          ],
          "header":{
            "format":"cpm"
          }
        },
        {
          "name": "Table Mode",
          "row": 2,
          "col": 3,
          "sizeX": 3,
          "sizeY": 1,
          "type": "line-chart",
          "metricDefs": [
            {
              "metricPath": "../dashboards/samples/data/bt-all-cpm-120-log.json",
              "metricNameIndices": [
                3
              ]
            }
          ],
          "mode": "table",
          "header": {
            "compact": true,
            "format": "art"
          },
          "legend": {
            "visible": false
          }
        },
        {
          "name": "Cluster Rollup",
          "row": 4,
          "col": 0,
          "sizeX": 2,
          "sizeY": 1,
          "type": "line-chart",
          "clusterRollupType":"avg",
          "metricDefs": [
            {
              "metricPath": "../dashboards/samples/data/average-response-time.json",
              "metricNameIndices": [3]
            }
          ],
          "header": {
            "compact": true,
            "format": "art"
          },
          "legend": {
            "visible": false
          }
        },{
          "name": "No Cluster Rollup",
          "row": 4,
          "col": 2,
          "sizeX": 2,
          "sizeY": 1,
          "type": "line-chart",
          "metricDefs": [
            {
              "metricPath": "../dashboards/samples/data/average-response-time.json",
              "metricNameIndices": [3]
            }
          ],
          "header": {
            "compact": true,
            "format": "art"
          },
          "legend": {
            "visible": false
          }
        },
        {
          "name": "Thresholds | critical > 3500 | warning > 1500",
          "row": 4,
          "col": 4,
          "sizeX": 2,
          "sizeY": 1,
          "type": "line-chart",
          "mode": "linear",
          "metricDefs": [
            {
              "metricPath": "../dashboards/samples/data/average-response-time.json",
              "metricNameIndices": [
                3
              ],
              "threshold": {
                "critical": {
                  "value": 3500,
                  "valueType": "absolute",
                  "operator": "greaterThan",
                  "dataPoints": 5
                },
                "warning": {
                  "value": 2000,
                  "valueType": "absolute",
                  "operator": "greaterThan",
                  "dataPoints": 5
                }
              }
            }
          ],
          "header": {
            "compact": true,
            "format": "art"
          },
          "legend": {
            "visible": false
          }
        },
        {
          "name": "Some metrics missing",
          "row": 6,
          "col": 0,
          "sizeX": 2,
          "sizeY": 1,
          "type": "line-chart",
          "mode": "linear",
          "metricDefs": [
            {
              "metricPath": "../dashboards/samples/data/bt-all-cpm.json",
              "metricNameIndices": [3]
            }
          ],
          "header": {
            "compact": true,
            "format": "art"
          },
          "legend": {
            "visible": false
          }
        },
        {
          "name": "Too Many Metrics",
          "row": 6,
          "col": 2,
          "sizeX": 2,
          "sizeY": 1,
          "type": "line-chart",
          "mode": "linear",
          "metricDefs": [
            {
              "metricPath": "../dashboards/samples/data/cpm_too_many_metrics.json",
              "metricNameIndices": [3],
              "threshold": {
                "critical": {
                  "value": 3500,
                  "valueType": "absolute",
                  "operator": "greaterThan",
                  "dataPoints": 5
                },
                "warning": {
                  "value": 1500,
                  "valueType": "absolute",
                  "operator": "greaterThan",
                  "dataPoints": 5
                }
              }
            }
          ],
          "header": {
            "compact": true,
            "format": "cpm"
          },
          "legend": {
            "visible": false
          }
        },
        {
          "name": "No data",
          "row": 6,
          "col": 4,
          "sizeX": 2,
          "sizeY": 1,
          "type": "line-chart",
          "mode": "linear",
          "metricDefs": [
            {
              "metricPath": "../dashboards/samples/data/bt-all-cpm-nodata.json",
              "metricNameIndices": [3]
            }
          ],
          "header": {
            "compact": true,
            "format": "art"
          },
          "legend": {
            "visible": false
          }
        },
        {
          "name": "Max Value",
          "row": 8,
          "col": 0,
          "sizeX": 2,
          "sizeY": 1,
          "type": "line-chart",
          "mode": "linear",
          "valueAttr":"max",
          "metricDefs": [
            {
              "metricPath": "../dashboards/samples/data/average-response-time.json",
              "metricNameIndices": [
                3
              ]
            }
          ],
          "legend": {
            "visible": false
          },
          "header": {
            "compact": true,
            "format": "art"
          }
        },{
          "name": "Max Value | Cluster Rollup Sum",
          "row": 8,
          "col": 2,
          "sizeX": 2,
          "sizeY": 1,
          "type": "line-chart",
          "mode": "linear",
          "valueAttr":"max",
          "clusterRollupType":"sum",
          "metricDefs": [
            {
              "metricPath": "../dashboards/samples/data/average-response-time.json",
              "metricNameIndices": [
                3
              ]
            }
          ],
          "legend": {
            "visible": false
          },
          "header": {
            "compact": true,
            "format": "art"
          }
        },
        {
          "name": "Shrunk Chart",
          "row": 8,
          "col": 4,
          "sizeX": 2,
          "sizeY": 1,
          "type": "line-chart",
          "mode": "linear",
          "metricDefs": [
            {
              "metricPath": "../dashboards/samples/data/average-response-time.json",
              "metricNameIndices": [
                3
              ]
            }
          ],
          "legend": {
            "visible": false
          }
        },
        {
          "name": "Thresholds | critical > 3500, no warning",
          "row": 9,
          "col": 0,
          "sizeX": 3,
          "sizeY": 2,
          "type": "line-chart",
          "mode": "linear",
          "metricDefs": [
            {
              "metricPath": "../dashboards/samples/data/average-response-time.json",
              "metricNameIndices": [
                3
              ],
              "threshold": {
                "critical": {
                  "value": 3500,
                  "valueType": "absolute",
                  "operator": "greaterThan",
                  "dataPoints": 5
                }
              }
            }
          ],
          "header": {
            "compact": true,
            "format": "art"
          },
          "legend": {
            "visible": false
          }
        },
        {
          "name": "Thresholds | no critical | warning > 1500",
          "row": 9,
          "col": 3,
          "sizeX": 3,
          "sizeY": 2,
          "type": "line-chart",
          "mode": "linear",
          "metricDefs": [
            {
              "metricPath": "../dashboards/samples/data/average-response-time.json",
              "metricNameIndices": [3],
              "threshold": {
                "warning": {
                  "value": 2000,
                  "valueType": "absolute",
                  "operator": "greaterThan",
                  "dataPoints": 5
                }
              }
            }
          ],
          "header": {
            "compact": true,
            "format": "art"
          },
          "legend": {
            "visible": false
          }
        },
        {
          "name": "Thresholds | no critical | warning > 10000",
          "row": 11,
          "col": 0,
          "sizeX": 3,
          "sizeY": 2,
          "type": "line-chart",
          "mode": "linear",
          "metricDefs": [
            {
              "metricPath": "../dashboards/samples/data/average-response-time.json",
              "metricNameIndices": [3],
              "threshold": {
                "warning": {
                  "value": 10000,
                  "valueType": "absolute",
                  "operator": "greaterThan",
                  "dataPoints": 5
                }
              }
            }
          ],
          "header": {
            "compact": true,
            "format": "art"
          },
          "legend": {
            "visible": false
          }
        },
        {
          "name": "Thresholds | critical  > 10000",
          "row": 11,
          "col": 3,
          "sizeX": 3,
          "sizeY": 2,
          "type": "line-chart",
          "mode": "linear",
          "metricDefs": [
            {
              "metricPath": "../dashboards/samples/data/average-response-time.json",
              "metricNameIndices": [3],
              "threshold": {
                "critical": {
                  "value": 10000,
                  "valueType": "absolute",
                  "operator": "greaterThan",
                  "dataPoints": 5
                }
              }
            }
          ] ,
          "header": {
            "compact": true,
            "format": "art"
          },
          "legend": {
            "visible": false
          }
        },{
          "name": "Gaps in Start",
          "row": 13,
          "col": 0,
          "sizeX": 3,
          "sizeY": 2,
          "type": "line-chart",
          "mode": "linear",
          "metricDefs": [
            {
              "metricPath": "../dashboards/samples/data/actual_prod_data_1day.json",
              "metricNameIndices": [3,5,6,7],
              "threshold": {
                "critical": {
                  "value": 3500,
                  "valueType": "absolute",
                  "operator": "greaterThan",
                  "dataPoints": 5
                },
                "warning": {
                  "value": 1500,
                  "valueType": "absolute",
                  "operator": "greaterThan",
                  "dataPoints": 5
                }
              }
            }
          ],
          "header": {
            "compact": true,
            "format": "art"
          },
          "legend": {
            "visible": false
          }
        },
        {
          "name": "Gaps in Start, End, Middle",
          "row": 13,
          "col": 3,
          "sizeX": 3,
          "sizeY": 2,
          "type": "line-chart",
          "mode": "linear",
          "metricDefs": [
            {
              "metricPath": "../dashboards/samples/data/gaps_start_end_middle.json",
              "metricNameIndices": [3,5,6,7],
              "threshold": {
                "critical": {
                  "value": 3500,
                  "valueType": "absolute",
                  "operator": "greaterThan",
                  "dataPoints": 5
                },
                "warning": {
                  "value": 1500,
                  "valueType": "absolute",
                  "operator": "greaterThan",
                  "dataPoints": 5
                }
              }
            }
          ],
          "header": {
            "compact": true,
            "format": "art"
          },
          "legend": {
            "visible": false
          }
        },{
          "name": "Aggregation: 1Day, 1Min -> 1Hr",
          "row": 15,
          "col": 0,
          "sizeX": 2,
          "sizeY": 1,
          "type": "line-chart",
          "mode": "linear",
          "maxDataPoints": 30,
          "metricDefs": [
            {
              "metricPath": "../dashboards/samples/data/actual_prod_data_1day.json",
              "metricNameIndices": [3,5,6,7],
              "threshold": {
                "critical": {
                  "value": 3500,
                  "valueType": "absolute",
                  "operator": "greaterThan",
                  "dataPoints": 5
                },
                "warning": {
                  "value": 1500,
                  "valueType": "absolute",
                  "operator": "greaterThan",
                  "dataPoints": 5
                }
              }
            }
          ],
          "header": {
            "compact": true,
            "format": "cpm"
          },
          "legend": {
            "visible": false
          }
        }
      ]
    }
  ]
}
