{
  "name": "Outliers",
  "tabs":[
    {
      "name":"",
      "widgets":[
        {
          "row": 1,
          "col": 0,
          "sizeX": 2,
          "sizeY": 1,
          "type": "hi-lo-avg",
          "clusterRollupType":"avg",
          "metricDefs": [
            {
              "metricPath": "../dashboards/samples/data/calls-per-min-large.json",
              "metricNameIndices": [1],
              "aggregationType": "avg",
              "threshold":{
                "warning": {
                  "value": 30,
                  "valueType": "absolute",
                  "operator": "greaterThan",
                  "dataPoints":5
                }
              }
            }
          ],
          "colCount": 3
        },{
          "row": 1,
          "col": 2,
          "sizeX": 2,
          "sizeY": 1,
          "type": "hi-lo-avg",
          "clusterRollupType":"avg",
          "metricDefs": [
            {
              "metricPath": "../dashboards/samples/data/actual_prod_data_1day.json",
              "metricNameIndices": [1],
              "aggregationType": "avg",
              "threshold":{
                "critical": {
                  "value": 30,
                  "valueType": "absolute",
                  "operator": "greaterThan",
                  "dataPoints":5
                }
              }
            }
          ],
          "colCount": 3
        },{
          "row": 1,
          "col": 4,
          "sizeX": 2,
          "sizeY": 1,
          "type": "hi-lo-avg",
          "clusterRollupType":"avg",
          "metricDefs": [
            {
              "metricPath": "../dashboards/samples/data/gaps_start_end_middle.json",
              "metricNameIndices": [1],
              "aggregationType": "avg",
              "threshold":{
                "critical": {
                  "value": 30,
                  "valueType": "absolute",
                  "operator": "greaterThan",
                  "dataPoints":5
                }
              }
            }
          ],
          "colCount": 3
        },{
          "row": 2,
          "col": 0,
          "sizeX": 6,
          "sizeY": 1,
          "type": "hi-lo-avg",
          "clusterRollupType":"avg",
          "metricDefs": [
            {
              "metricPath": "../dashboards/samples/data/prod_4hr_data_gaps.json",
              "metricNameIndices": [1],
              "aggregationType": "avg",
              "threshold":{
                "critical": {
                  "value": 350,
                  "valueType": "absolute",
                  "operator": "greaterThan",
                  "dataPoints":5
                }
              }
            }
          ],
          "colCount": 3
        },{
          "row": 3,
          "col": 0,
          "sizeX": 2,
          "sizeY": 1,
          "type": "hi-lo-avg",
          "clusterRollupType":"avg",
          "metricDefs": [
            {
              "metricPath": "../dashboards/samples/data/nodata_single.json",
              "metricNameIndices": [1],
              "aggregationType": "avg",
              "threshold":{
                "critical": {
                  "value": 350,
                  "valueType": "absolute",
                  "operator": "greaterThan",
                  "dataPoints":5
                }
              }
            }
          ],
          "colCount": 3
        },{
          "row": 3,
          "col": 2,
          "sizeX": 2,
          "sizeY": 1,
          "type": "hi-lo-avg",
          "titleIndices":[7],
          "colCount": 3,
          "metricDefs": [
            {
              "metricPath": "../dashboards/samples/data/external-calls.json",
              "metricNameIndices": [8],
              "aggregationType": "avg"
            }
          ]
        }
      ]
    }
  ]
}
