{
  "name": "Outliers",
  "tabs":[
    {
      "name":"",
      "widgets":[
        {
          "name": "",
          "row": 0,
          "col": 0,
          "sizeX": 2,
          "sizeY": 1,
          "type": "average-last",
          "metricDefs": [
            {
              "metricPath": "../dashboards/samples/data/single-node-art.json",
              "metricNameIndices": [4],
              "aggregationType": "avg"
            }
          ],
          "colCount": 3
        },{
          "row": 0,
          "col": 4,
          "sizeX": 2,
          "sizeY": 1,
          "type": "average-last",
          "metricDefs": [
            {
              "metricPath": "../dashboards/samples/data/single-node-art.json",
              "metricNameIndices": [4],
              "aggregationType": "avg",
              "threshold":{
                "critical": {
                  "value": 30,
                  "valueType": "absolute",
                  "operator": "greaterThan",
                  "dataPoints":5
                }
              }
            }
          ],
          "colCount": 3
        },{
          "row": 0,
          "col": 2,
          "sizeX": 2,
          "sizeY": 1,
          "type": "average-last",
          "metricDefs": [
            {
              "metricPath": "../dashboards/samples/data/single-node-art.json",
              "metricNameIndices": [4],
              "aggregationType": "avg",
              "threshold":{
                "warning": {
                  "value": 30,
                  "valueType": "absolute",
                  "operator": "greaterThan",
                  "dataPoints":5
                }
              }
            }
          ],
          "colCount": 3
        },{
          "row": 1,
          "col": 0,
          "sizeX": 2,
          "sizeY": 1,
          "type": "hi-lo-avg",
          "clusterRollupType":"avg",
          "metricDefs": [
            {
              "metricPath": "../dashboards/samples/data/calls-per-min-large.json",
              "metricNameIndices": [1],
              "aggregationType": "avg",
              "threshold":{
                "warning": {
                  "value": 300,
                  "valueType": "absolute",
                  "operator": "greaterThan",
                  "dataPoints":5
                }
              }
            }
          ],
          "colCount": 3
        },{
          "row": 1,
          "col": 2,
          "sizeX": 2,
          "sizeY": 1,
          "type": "hi-lo-avg",
          "clusterRollupType":"avg",
          "metricDefs": [
            {
              "metricPath": "../dashboards/samples/data/calls-per-min-large.json",
              "metricNameIndices": [1],
              "aggregationType": "avg",
              "threshold":{
                "critical": {
                  "value": 30,
                  "valueType": "absolute",
                  "operator": "greaterThan",
                  "dataPoints":5
                }
              }
            }
          ],
          "colCount": 3
        },{
          "row": 1,
          "col": 4,
          "sizeX": 2,
          "sizeY": 1,
          "type": "hi-lo-avg",
          "clusterRollupType":"avg",
          "metricDefs": [
            {
              "metricPath": "../dashboards/samples/data/calls-per-min-large.json",
              "metricNameIndices": [1],
              "aggregationType": "avg",
              "threshold":{
                "critical": {
                  "value": 30000,
                  "valueType": "absolute",
                  "operator": "greaterThan",
                  "dataPoints":5
                }
              }
            }
          ],
          "colCount": 3
        }
      ]
    }
  ]
}
