{
  "name": "Heat Map",
  "tabs": [
    {
      "name": "",
      "widgets": [
        {
          "name": "ONE_MIN NoAggregation",
          "row": 0,
          "col": 0,
          "sizeX": 3,
          "sizeY": 2,
          "type": "heat-map",
          "metricDefs": [
            {
              "metricPath": "../dashboards/samples/data/bt-all-cpm-240-normal.json",
              "metricNameIndices": [
                3
              ],
              "aggregationType": "avg"
            }
          ],
          "colCount": 3
        },
        {
          "name": "ONE_MIN -> FIVE_MIN Aggregation",
          "row": 0,
          "col": 3,
          "sizeX": 3,
          "sizeY": 2,
          "type": "heat-map",
          "timeRollupType": "avg",
          "maxDataPoints": 50,
          "metricDefs": [
            {
              "metricPath": "../dashboards/samples/data/bt-all-cpm-240-normal.json",
              "metricNameIndices": [
                3
              ],
              "aggregationType": "avg"
            }
          ],
          "colCount": 3
        },{
          "name": "ONE_MIN -> TEN_MIN Aggregation",
          "row": 2,
          "col": 0,
          "sizeX": 3,
          "sizeY": 2,
          "type": "heat-map",
          "mode": "linear",
          "timeRollupType": "avg",
          "maxDataPoints": 25,
          "metricDefs": [
            {
              "metricPath": "../dashboards/samples/data/bt-all-cpm-240-normal.json",
              "metricNameIndices": [
                3
              ],
              "aggregationType": "avg"
            }
          ],
          "colCount": 3
        },{
          "name": "TEN_MIN -> NO Aggregation",
          "row": 2,
          "col": 3,
          "sizeX": 3,
          "sizeY": 2,
          "type": "heat-map",
          "mode": "linear",
          "timeRollupType": "avg",
          "metricDefs": [
            {
              "metricPath": "../dashboards/samples/data/bt-all-cpm-432-10min.json",
              "metricNameIndices": [
                3
              ],
              "aggregationType": "avg"
            }
          ],
          "colCount": 3
        },{
          "name": "TEN_MIN -> THIRTY_MIN Aggregation",
          "row": 4,
          "col": 0,
          "sizeX": 3,
          "sizeY": 2,
          "type": "heat-map",
          "mode": "linear",
          "timeRollupType": "avg",
          "maxDataPoints": 200,
          "metricDefs": [
            {
              "metricPath": "../dashboards/samples/data/bt-all-cpm-432-10min.json",
              "metricNameIndices": [
                3
              ],
              "aggregationType": "avg"
            }
          ],
          "colCount": 3
        },{
          "name": "TEN_MIN -> SIXTY_MIN Aggregation",
          "row": 4,
          "col": 3,
          "sizeX": 3,
          "sizeY": 2,
          "type": "heat-map",
          "mode": "linear",
          "timeRollupType": "avg",
          "maxDataPoints": 100,
          "metricDefs": [
            {
              "metricPath": "../dashboards/samples/data/bt-all-cpm-432-10min.json",
              "metricNameIndices": [
                3
              ],
              "aggregationType": "avg"
            }
          ],
          "colCount": 3
        },{
          "name": "yAxis Bucketcount < 20",
          "row": 6,
          "col": 0,
          "sizeX": 3,
          "sizeY": 2,
          "type": "heat-map",
          "metricDefs": [
            {
              "metricPath": "../dashboards/samples/data/bt-all-cpm-15-1min.json",
              "metricNameIndices": [
                3
              ],
              "aggregationType": "avg"
            }
          ],
          "colCount": 3
        },{
          "name": "No Data",
          "row": 6,
          "col": 3,
          "sizeX": 3,
          "sizeY": 2,
          "type": "heat-map",
          "metricDefs": [
            {
              "metricPath": "../dashboards/samples/data/bt-all-cpm-nodata.json",
              "metricNameIndices": [
                3
              ],
              "aggregationType": "avg"
            }
          ]
        },{
          "name": "Gaps in Start",
          "row": 8,
          "col": 0,
          "sizeX": 3,
          "sizeY": 2,
          "type": "heat-map",
          "mode": "linear",
          "metricDefs": [
            {
              "metricPath": "../dashboards/samples/data/actual_prod_data_1day.json",
              "metricNameIndices": [3,5,6,7],
              "threshold": {
                "critical": {
                  "value": 3500,
                  "valueType": "absolute",
                  "operator": "greaterThan",
                  "dataPoints": 5
                },
                "warning": {
                  "value": 1500,
                  "valueType": "absolute",
                  "operator": "greaterThan",
                  "dataPoints": 5
                }
              }
            }
          ],
          "legend": {
            "visible": true,
            "type": "detailed",
            "heightPct": 30,
            "cols": 2
          }
        },
        {
          "name": "Gaps in Start, End, Middle",
          "row": 8,
          "col": 3,
          "sizeX": 3,
          "sizeY": 2,
          "type": "heat-map",
          "mode": "linear",
          "metricDefs": [
            {
              "metricPath": "../dashboards/samples/data/gaps_start_end_middle.json",
              "metricNameIndices": [3,5,6,7],
              "threshold": {
                "critical": {
                  "value": 3500,
                  "valueType": "absolute",
                  "operator": "greaterThan",
                  "dataPoints": 5
                },
                "warning": {
                  "value": 1500,
                  "valueType": "absolute",
                  "operator": "greaterThan",
                  "dataPoints": 5
                }
              }
            }
          ],
          "legend": {
            "visible": true,
            "type": "detailed",
            "heightPct": 30,
            "cols": 2
          }
        },
        {
          "name": "Too Many Metrics",
          "row": 10,
          "col": 0,
          "sizeX": 3,
          "sizeY": 2,
          "type": "heat-map",
          "mode": "linear",
          "metricDefs": [
            {
              "metricPath": "../dashboards/samples/data/cpm_too_many_metrics.json",
              "metricNameIndices": [3],
              "threshold": {
                "critical": {
                  "value": 3500,
                  "valueType": "absolute",
                  "operator": "greaterThan",
                  "dataPoints": 5
                },
                "warning": {
                  "value": 1500,
                  "valueType": "absolute",
                  "operator": "greaterThan",
                  "dataPoints": 5
                }
              }
            }
          ],
          "header": {
            "compact": true,
            "format": "cpm"
          },
          "legend": {
            "visible": false
          }
        }
      ]
    }
  ]
}
