{
  "title":"Dashboad 2",
  "selectedTimeRange": {
    "durationInMins": 32,
    "name": "Last 32 mins"
  },
  "autoRefresh": {
    "enabled": false
  },
  "tabs":[
    {
      "name":"Single Column Tab",
      "layoutType": "single-column",
      "widgets": [
        {
          "name": "Node Performance",
          "type": "metric-table",
          "metricDefs": [
            {
              "metricPath": "../dashboards/samples/data/average-response-time.json",
              "rowIdentifiers": [3],
              "columnIdentifiers": [4],
              "timeRollupType": "avg",
              "clusterRollupType":"avg",
              "threshold": {
                "critical": {
                  "value": 500,
                  "valueType": "absolute",
                  "operator": "greaterThan",
                  "dataPoints":5
                },
                "warning": {
                  "value": 300,
                  "valueType": "absolute",
                  "operator": "greaterThan",
                  "dataPoints":5
                }
              }
            }
          ]
        },
        {
          "name": "Node Performance",
          "type": "metric-table",
          "metricDefs": [
            {
              "metricPath": "../dashboards/samples/data/node-metric-data.json",
              "rowIdentifiers": [3],
              "columnIdentifiers": [4]
            }
          ]
        }
      ]
    },
    {
      "name":"Grid Tab",
      "layoutType": "gridster",
      "widgets": [
        {
          "name": "Node Performance",
          "type": "metric-table",
          "row": 0,
          "col": 0,
          "sizeX": 3,
          "sizeY": 3,
          "metricDefs": [
            {
              "metricPath": "../dashboards/samples/data/average-response-time.json",
              "rowIdentifiers": [3],
              "columnIdentifiers": [4],
              "timeRollupType": "avg",
              "clusterRollupType":"avg",
              "threshold": {
                "critical": {
                  "value": 500,
                  "valueType": "absolute",
                  "operator": "greaterThan",
                  "dataPoints":5
                },
                "warning": {
                  "value": 300,
                  "valueType": "absolute",
                  "operator": "greaterThan",
                  "dataPoints":5
                }
              }
            }
          ]
        },
        {
          "name": "Node Performance",
          "type": "metric-table",
          "row": 3,
          "col": 0,
          "sizeX": 6,
          "sizeY": 3,
          "metricDefs": [
            {
              "metricPath": "../dashboards/samples/data/node-metric-data.json",
              "rowIdentifiers": [3],
              "columnIdentifiers": [4]
            }
          ]
        }
      ]
    }
  ]
}
