{
  "config":{
    "selectedTimeRange": {
      "durationInMins": 5,
      "name": "Last 5 mins"
    },
    "gridsterOpts": {
      "columns": 6,
      "resizable": {
        "enabled": true
      }
    }
  },
  "id": "1",
  "title": "Dashboard 1",
  "layoutType": "gridster",
  "tabs": [
    {
      "name": "Main",
      "widgets": [
        {
          "name": "Linear Scale",
          "row": 0,
          "col": 0,
          "sizeX": 3,
          "sizeY": 2,
          "type": "line-chart",
          "mode": "linear",
          "valueAttr":"value",
          "metricDefs": [
            {
              "metricPath": "../dashboards/samples/data/average-response-time.json",
              "metricNameIndices": [3]
            }
          ]
        },
        {
          "name": "Log Scale with lot of metrics - scroll legend and a really really really long name",
          "row": 0,
          "col": 3,
          "sizeX": 3,
          "sizeY": 2,
          "type": "line-chart",
          "metricDefs": [
            {
              "metricPath": "../dashboards/samples/data/bt-all-cpm-120-log.json",
              "metricNameIndices": [
                3
              ]
            }
          ],
          "mode": "log"
        },
        {
          "name": "Data with Gaps",
          "row": 2,
          "col": 0,
          "sizeX": 3,
          "sizeY": 2,
          "type": "line-chart",
          "metricDefs": [
            {
              "metricPath": "../dashboards/samples/data/bt-all-cpm-15-1min.json",
              "metricNameIndices": [
                3
              ]
            }
          ]
        },
        {
          "name": "Table Mode",
          "row": 2,
          "col": 3,
          "sizeX": 3,
          "sizeY": 2,
          "type": "line-chart",
          "metricDefs": [
            {
              "metricPath": "../dashboards/samples/data/bt-all-cpm-120-log.json",
              "metricNameIndices": [
                3
              ]
            }
          ],
          "mode": "table"
        },
        {
          "name": "Log Charts with Legends",
          "row": 4,
          "col": 0,
          "sizeX": 3,
          "sizeY": 2,
          "type": "line-chart",
          "mode": "log",
          "metricDefs": [
            {
              "metricPath": "../dashboards/samples/data/average-response-time.json",
              "metricNameIndices": [3]
            }
          ]
        },
        {
          "name": "Thresholds | critical > 3500 | warning > 1500",
          "row": 4,
          "col": 3,
          "sizeX": 3,
          "sizeY": 2,
          "type": "line-chart",
          "mode": "linear",
          "metricDefs": [
            {
              "metricPath": "../dashboards/samples/data/average-response-time.json",
              "metricNameIndices": [
                3
              ],
              "threshold": {
                "critical": {
                  "value": 3500,
                  "valueType": "absolute",
                  "operator": "greaterThan",
                  "dataPoints": 5
                },
                "warning": {
                  "value": 2000,
                  "valueType": "absolute",
                  "operator": "greaterThan",
                  "dataPoints": 5
                }
              }
            }
          ]
        },
        {
          "name": "Some metrics missing",
          "row": 6,
          "col": 0,
          "sizeX": 3,
          "sizeY": 2,
          "type": "line-chart",
          "mode": "linear",
          "metricDefs": [
            {
              "metricPath": "../dashboards/samples/data/bt-all-cpm.json",
              "metricNameIndices": [3]
            }
          ]
        },
        {
          "name": "No data",
          "row": 6,
          "col": 3,
          "sizeX": 3,
          "sizeY": 2,
          "type": "line-chart",
          "mode": "linear",
          "metricDefs": [
            {
              "metricPath": "../dashboards/samples/data/bt-all-cpm-nodata.json",
              "metricNameIndices": [3]
            }
          ]
        },
        {
          "name": "Shrunk Chart | 3 col legend",
          "row": 8,
          "col": 0,
          "sizeX": 3,
          "sizeY": 1,
          "type": "line-chart",
          "mode": "linear",
          "metricDefs": [
            {
              "metricPath": "../dashboards/samples/data/average-response-time.json",
              "metricNameIndices": [
                3
              ]
            }
          ],
          "legend": {
            "visible": true,
            "type": "detailed",
            "heightPct": 20,
            "cols": 3
          }
        },
        {
          "name": "Shrunk Chart - No Legend",
          "row": 8,
          "col": 3,
          "sizeX": 3,
          "sizeY": 1,
          "type": "line-chart",
          "mode": "linear",
          "metricDefs": [
            {
              "metricPath": "../dashboards/samples/data/average-response-time.json",
              "metricNameIndices": [
                3
              ]
            }
          ],
          "legend": {
            "visible": false,
            "type": "detailed",
            "heightPct": 20,
            "cols": 3
          }
        },
        {
          "name": "Thresholds | critical > 3500, no warning",
          "row": 9,
          "col": 0,
          "sizeX": 3,
          "sizeY": 2,
          "type": "line-chart",
          "mode": "linear",
          "metricDefs": [
            {
              "metricPath": "../dashboards/samples/data/average-response-time.json",
              "metricNameIndices": [
                3
              ],
              "threshold": {
                "critical": {
                  "value": 3500,
                  "valueType": "absolute",
                  "operator": "greaterThan",
                  "dataPoints": 5
                }
              }
            }
          ]
        },
        {
          "name": "Thresholds | no critical | warning > 1500",
          "row": 9,
          "col": 3,
          "sizeX": 3,
          "sizeY": 2,
          "type": "line-chart",
          "mode": "linear",
          "metricDefs": [
            {
              "metricPath": "../dashboards/samples/data/average-response-time.json",
              "metricNameIndices": [3],
              "threshold": {
                "warning": {
                  "value": 2000,
                  "valueType": "absolute",
                  "operator": "greaterThan",
                  "dataPoints": 5
                }
              }
            }
          ]
        },
        {
          "name": "Thresholds | no critical | warning > 10000",
          "row": 11,
          "col": 0,
          "sizeX": 3,
          "sizeY": 2,
          "type": "line-chart",
          "mode": "linear",
          "metricDefs": [
            {
              "metricPath": "../dashboards/samples/data/average-response-time.json",
              "metricNameIndices": [3],
              "threshold": {
                "warning": {
                  "value": 10000,
                  "valueType": "absolute",
                  "operator": "greaterThan",
                  "dataPoints": 5
                }
              }
            }
          ]
        },
        {
          "name": "Thresholds | critical  > 10000",
          "row": 11,
          "col": 3,
          "sizeX": 3,
          "sizeY": 2,
          "type": "line-chart",
          "mode": "linear",
          "metricDefs": [
            {
              "metricPath": "../dashboards/samples/data/average-response-time.json",
              "metricNameIndices": [3],
              "threshold": {
                "critical": {
                  "value": 10000,
                  "valueType": "absolute",
                  "operator": "greaterThan",
                  "dataPoints": 5
                }
              }
            }
          ]
        },{
          "name": "Gaps in Start",
          "row": 13,
          "col": 0,
          "sizeX": 3,
          "sizeY": 2,
          "type": "line-chart",
          "mode": "linear",
          "metricDefs": [
            {
              "metricPath": "../dashboards/samples/data/actual_prod_data_1day.json",
              "metricNameIndices": [3,5,6,7],
              "threshold": {
                "critical": {
                  "value": 3500,
                  "valueType": "absolute",
                  "operator": "greaterThan",
                  "dataPoints": 5
                },
                "warning": {
                  "value": 1500,
                  "valueType": "absolute",
                  "operator": "greaterThan",
                  "dataPoints": 5
                }
              }
            }
          ],
          "legend": {
            "visible": true,
            "type": "detailed",
            "heightPct": 30,
            "cols": 2
          }
        },
        {
          "name": "Gaps in Start, End, Middle",
          "row": 13,
          "col": 3,
          "sizeX": 3,
          "sizeY": 2,
          "type": "line-chart",
          "mode": "linear",
          "metricDefs": [
            {
              "metricPath": "../dashboards/samples/data/gaps_start_end_middle.json",
              "metricNameIndices": [3,5,6,7],
              "threshold": {
                "critical": {
                  "value": 3500,
                  "valueType": "absolute",
                  "operator": "greaterThan",
                  "dataPoints": 5
                },
                "warning": {
                  "value": 1500,
                  "valueType": "absolute",
                  "operator": "greaterThan",
                  "dataPoints": 5
                }
              }
            }
          ],
          "legend": {
            "visible": true,
            "type": "detailed",
            "heightPct": 30,
            "cols": 2
          }
        }
      ]
    }
  ]
}
