{
  "name": "Test Space",
  "tabs": [
    {
      "name": "",
      "widgets": [
        {
          "row": 0,
          "col": 0,
          "sizeX": 3,
          "sizeY": 1,
          "type": "donut",
          "titleIndices":[7],
          "colCount": 3,
          "metricDefs": [
            {
              "metricPath": "../dashboards/samples/data/external-calls.json",
              "metricNameIndices": [8],
              "aggregationType": "avg"
            }
          ]
        },{
          "row": 0,
          "col": 3,
          "sizeX": 1,
          "sizeY": 1,
          "type": "donut",
          "name":"Custom Name - Rollup Avg",
          "clusterRollupType":"avg",
          "colCount": 3,
          "metricDefs": [
            {
              "metricPath": "../dashboards/samples/data/external-calls.json",
              "metricNameIndices": [8],
              "aggregationType": "avg"
            }
          ],
          "header": {
            "compact": true,
            "format": "cpm"
          },
          "legend": {
            "visible": false
          }
        },{
          "row": 0,
          "col": 4,
          "sizeX": 1,
          "sizeY": 1,
          "type": "donut",
          "clusterRollupType":"avg",
          "colCount": 3,
          "metricDefs": [
            {
              "metricPath": "../dashboards/samples/data/external-calls.json",
              "metricNameIndices": [7],
              "aggregationType": "avg"
            }
          ],
          "header": {
            "compact": true,
            "format": "cpm"
          },
          "legend": {
            "visible": false
          }
        },{
          "row": 0,
          "col": 5,
          "sizeX": 1,
          "sizeY": 1,
          "type": "donut",
          "clusterRollupType":"sum",
          "colCount": 3,
          "metricDefs": [
            {
              "metricPath": "../dashboards/samples/data/external-calls.json",
              "metricNameIndices": [7],
              "aggregationType": "avg"
            }
          ],
          "header": {
            "compact": true,
            "format": "cpm"
          },
          "legend": {
            "visible": false
          }
        },{
          "row": 1,
          "col": 0,
          "sizeX": 1,
          "sizeY": 1,
          "type": "donut",
          "metricDefs": [
            {
              "metricPath": "../dashboards/samples/data/single_node_heap_current.json",
              "maxMetricPath": "../dashboards/samples/data/single-node-heap-max.json",
              "metricNameIndices": [7],
              "timeRollupType": "avg"
            }
          ]
        },{
          "row": 1,
          "col": 1,
          "sizeX": 1,
          "sizeY": 1,
          "type": "donut",
          "metricDefs": [
            {
              "metricPath": "../dashboards/samples/data/single_node_heap_current.json",
              "maxMetricPath": "../dashboards/samples/data/single_node_heap_committed.json",
              "metricNameIndices": [7],
              "timeRollupType": "avg",
              "threshold":{
                "warning": {
                  "value": 60,
                  "valueType": "percentage",
                  "operator": "greaterThan",
                  "dataPoints":5
                }
              }
            }
          ]
        },{
          "row": 1,
          "col": 2,
          "sizeX": 1,
          "sizeY": 1,
          "type": "donut",
          "metricDefs": [
            {
              "metricPath": "../dashboards/samples/data/single_node_heap_current.json",
              "maxMetricPath": "../dashboards/samples/data/single_node_heap_committed.json",
              "metricNameIndices": [7],
              "timeRollupType": "avg",
              "threshold":{
                "critical": {
                  "value": 60,
                  "valueType": "percentage",
                  "operator": "greaterThan",
                  "dataPoints":5
                }
              }
            }
          ]
        },{
          "row": 1,
          "col": 3,
          "sizeX": 1,
          "sizeY": 1,
          "type": "donut",
          "metricDefs": [
            {
              "metricPath": "../dashboards/samples/data/single_node_heap_current.json",
              "metricNameIndices": [7],
              "timeRollupType": "avg",
              "threshold":{
                "warning": {
                  "value": 100,
                  "valueType": "absolute",
                  "operator": "greaterThan",
                  "dataPoints":5
                }
              }
            }
          ]
        },{
          "row": 1,
          "col": 4,
          "sizeX": 1,
          "sizeY": 1,
          "type": "donut",
          "metricDefs": [
            {
              "metricPath": "../dashboards/samples/data/single_node_heap_current.json",
              "metricNameIndices": [7],
              "timeRollupType": "avg",
              "threshold":{
                "critical": {
                  "value": 100,
                  "valueType": "absolute",
                  "operator": "greaterThan",
                  "dataPoints": 5
                }
              }
            }
          ]
        }, {
          "row": 2,
          "col": 6,
          "sizeX": 1,
          "sizeY": 1,
          "type": "health-status-donut",
          "clusterRollupType":"avg",
          "metricDefs": [
            {
              "metricPath": "../dashboards/samples/data/nodata_single.json",
              "metricNameIndices": [1],
              "aggregationType": "avg",
              "threshold":{
                "critical": {
                  "value": 350,
                  "valueType": "absolute",
                  "operator": "greaterThan",
                  "dataPoints":5
                }
              }
            }
          ],
          "colCount": 3
        }
      ]
    }
  ]
}
