<?xml version="1.0" encoding="UTF-8"?>
<Configuration monitorInterval="30">
    <Properties>
        <Property name="application.logDir">logs</Property>
    </Properties>
    <Appenders>
        <Console name="Console" target="SYSTEM_OUT">
            <PatternLayout pattern="%d{yyyy-MM-dd HH:mm:ss.SSS} [%t] [%X{x-user-email}] %-5level %logger{36} - %msg%n"/>
        </Console>
        <RollingFile name="File" fileName="${sys:application.logDir}/dashboard-server.log"
                     filePattern="${sys:application.logDir}/dashboard-server.%i.log">
            <PatternLayout pattern="%d{yyyy-MM-dd HH:mm:ss.SSS} [%t] [%X{x-user-email}] %-5level %logger{36} - %msg%n"/>
            <Policies>
                <SizeBasedTriggeringPolicy size="5 MB"/>
            </Policies>
            <DefaultRolloverStrategy max="20"/>
        </RollingFile>
    </Appenders>
    <Loggers>
        <Logger name="com.appdynamics.tools.DashboardApplication" level="info" additivity="false">
            <AppenderRef ref="File"/>
            <AppenderRef ref="Console"/>
        </Logger>
        <Logger name="org.apache.tomcat" level="info" additivity="false">
            <AppenderRef ref="File"/>
            <AppenderRef ref="Console"/>
        </Logger>
        <Logger name="com.appdynamics" level="info" additivity="false">
            <AppenderRef ref="File"/>
            <AppenderRef ref="Console">
                <ThresholdFilter level="ERROR" onMatch="ACCEPT" onMismatch="DENY"/>
            </AppenderRef>
        </Logger>
        <Logger name="org.apache.http" level="info" additivity="false">
            <AppenderRef ref="File"/>
            <AppenderRef ref="Console">
                <ThresholdFilter level="ERROR" onMatch="ACCEPT" onMismatch="DENY"/>
            </AppenderRef>
        </Logger>
        <Root level="info">
            <AppenderRef ref="File"/>
            <AppenderRef ref="Console">
                <ThresholdFilter level="ERROR" onMatch="ACCEPT" onMismatch="DENY"/>
            </AppenderRef>
        </Root>
    </Loggers>
</Configuration>