{
  "title": "WebSphere MQ Dashboard",
  "tabs":[
    {
      "name": "Queue Stats",
      "widgets":[
        {
          "row": 0,
          "col": 2,
          "sizeX": 2,
          "sizeY": 1,
          "type": "hi-lo-avg",
          "metricDefs": [
            {
              "metricPathSuffix": "{x}|Status",
              "metricNameIndicesInSuffix": [1],
              "threshold": {
                "warning": {
                  "value": 2,
                  "valueType": "absolute",
                  "operator": "lessThan",
                  "dataPoints": 5
                }
              }
            }
          ]
        },
        {
          "type": "metric-table",
          "row": 2,
          "col": 0,
          "sizeX": 6,
          "sizeY": 1,
          "metricDefs": [
            {
              "metricPathSuffix": "{x}|Queues|*|Current Queue Depth",
              "rowIdentifiersInSuffix": [2],
              "columnIdentifiersInSuffix": [3],
              "maxMetricPathSuffix": "{x}|Queues|*|Max Queue Depth",
              "maxIdentifierIndicesInSuffix":[0,2],
              "timeRollupType": "avg",
              "clusterRollupType":"avg"
            },
            {
              "metricPathSuffix": "{x}|Queues|*|HighQDepth",
              "rowIdentifiersInSuffix": [2],
              "columnIdentifiersInSuffix": [3],
              "maxMetricPathSuffix": "{x}|Queues|*|Max Queue Depth",
              "maxIdentifierIndicesInSuffix":[0,2],
              "timeRollupType": "avg",
              "clusterRollupType":"avg"
            },
            {
              "metricPathSuffix": "{x}|Queues|*|Open Input Count",
              "rowIdentifiersInSuffix": [2],
              "columnIdentifiersInSuffix": [3],
              "timeRollupType": "avg",
              "clusterRollupType":"avg"
            },
            {
              "metricPathSuffix": "{x}|Queues|*|Open Output Count",
              "rowIdentifiersInSuffix": [2],
              "columnIdentifiersInSuffix": [3],
              "timeRollupType": "avg",
              "clusterRollupType":"avg"
            },
            {
              "metricPathSuffix": "{x}|Queues|*|OldestMsgAge",
              "rowIdentifiersInSuffix": [2],
              "columnIdentifiersInSuffix": [3],
              "timeRollupType": "avg",
              "clusterRollupType":"avg"
            },
            {
              "metricPathSuffix": "{x}|Queues|*|OnQTime",
              "rowIdentifiersInSuffix": [2],
              "columnIdentifiersInSuffix": [3],
              "timeRollupType": "avg",
              "clusterRollupType":"avg"
            },
            {
              "metricPathSuffix": "{x}|Queues|*|UncommittedMsgs",
              "rowIdentifiersInSuffix": [2],
              "columnIdentifiersInSuffix": [3],
              "timeRollupType": "avg",
              "clusterRollupType":"avg"
            },
            {
              "metricPathSuffix": "{x}|Queues|*|MsgDeqCount",
              "rowIdentifiersInSuffix": [2],
              "columnIdentifiersInSuffix": [3],
              "timeRollupType": "avg",
              "clusterRollupType":"avg"
            },
            {
              "metricPathSuffix": "{x}|Queues|*|MsgEnqCount",
              "rowIdentifiersInSuffix": [2],
              "columnIdentifiersInSuffix": [3],
              "timeRollupType": "avg",
              "clusterRollupType":"avg"
            }
          ]  
        }
      ]
    },
    {
      "name" : "Channel Stats",
      "widgets" : [
        {
          "type": "metric-table",
          "row": 0,
          "col": 0,
          "sizeX": 6,
          "sizeY": 1,
          "metricDefs": [
            {
              "metricPathSuffix": "{x}|Channels|*|Status",
              "rowIdentifiersInSuffix": [2],
              "columnIdentifiersInSuffix": [3],
              "timeRollupType": "avg",
              "clusterRollupType":"avg"
            },
            {
              "metricPathSuffix": "{x}|Channels|*|Messages",
              "rowIdentifiersInSuffix": [2],
              "columnIdentifiersInSuffix": [3],
              "timeRollupType": "avg",
              "clusterRollupType":"avg"
            },
            {
              "metricPathSuffix": "{x}|Channels|*|Byte Sent",
              "rowIdentifiersInSuffix": [2],
              "columnIdentifiersInSuffix": [3],
              "timeRollupType": "avg",
              "clusterRollupType":"avg"
            },
            {
              "metricPathSuffix": "{x}|Channels|*|Byte Received",
              "rowIdentifiersInSuffix": [2],
              "columnIdentifiersInSuffix": [3],
              "timeRollupType": "avg",
              "clusterRollupType":"avg"
            },
            {
              "metricPathSuffix": "{x}|Channels|*|Buffers Sent",
              "rowIdentifiersInSuffix": [2],
              "columnIdentifiersInSuffix": [3],
              "timeRollupType": "avg",
              "clusterRollupType":"avg"
            },
            {
              "metricPathSuffix": "{x}|Channels|*|Buffers Received",
              "rowIdentifiersInSuffix": [2],
              "columnIdentifiersInSuffix": [3],
              "timeRollupType": "avg",
              "clusterRollupType":"avg"
            }
          ]
        }
      ]
    },
    {
      "name" : "Listener Stats",
      "widgets" : [
        {
           "type": "metric-table",
          "row": 0,
          "col": 0,
          "sizeX": 6,
          "sizeY": 1,
          "metricDefs": [
            {
              "metricPathSuffix": "{x}|Listeners|*|Status",
              "rowIdentifiersInSuffix": [2],
              "columnIdentifiersInSuffix": [3],
              "timeRollupType": "avg",
              "clusterRollupType":"avg"
            }
          ]
        }
      ]
    }       
  ]
}
